latitude,longitude,cityname,ERS1993_JFM_mean,ERS1993_JFM_std,ERS1994_JFM_mean,ERS1994_JFM_std,ERS1995_JFM_mean,ERS1995_JFM_std,ERS1996_JFM_mean,ERS1996_JFM_std,ERS1997_JFM_mean,ERS1997_JFM_std,ERS1998_JFM_mean,ERS1998_JFM_std,ERS1999_JFM_mean,ERS1999_JFM_std,ERS2000_JFM_mean,ERS2000_JFM_std,QSCAT1999_JFM_mean,QSCAT1999_JFM_std,QSCAT2000_JFM_mean,QSCAT2000_JFM_std,QSCAT2001_JFM_mean,QSCAT2001_JFM_std,QSCAT2002_JFM_mean,QSCAT2002_JFM_std,QSCAT2003_JFM_mean,QSCAT2003_JFM_std,QSCAT2004_JFM_mean,QSCAT2004_JFM_std,QSCAT2005_JFM_mean,QSCAT2005_JFM_std,QSCAT2006_JFM_mean,QSCAT2006_JFM_std,QSCAT2007_JFM_mean,QSCAT2007_JFM_std,QSCAT2008_JFM_mean,QSCAT2008_JFM_std,QSCAT2009_JFM_mean,QSCAT2009_JFM_std,ASCAT2007_JFM_mean,ASCAT2007_JFM_std,ASCAT2008_JFM_mean,ASCAT2008_JFM_std,ASCAT2009_JFM_mean,ASCAT2009_JFM_std,ASCAT2010_JFM_mean,ASCAT2010_JFM_std,ASCAT2011_JFM_mean,ASCAT2011_JFM_std,ASCAT2012_JFM_mean,ASCAT2012_JFM_std,ASCAT2013_JFM_mean,ASCAT2013_JFM_std,ASCAT2014_JFM_mean,ASCAT2014_JFM_std,ASCAT2015_JFM_mean,ASCAT2015_JFM_std,ASCAT2016_JFM_mean,ASCAT2016_JFM_std,ASCAT2017_JFM_mean,ASCAT2017_JFM_std,ASCAT2018_JFM_mean,ASCAT2018_JFM_std,ASCAT2019_JFM_mean,ASCAT2019_JFM_std,ASCAT2020_JFM_mean,ASCAT2020_JFM_std,Water
-2.77500,139.77500,PapuaNewGuinea,-7.06900,0.13600,-9999.00000,-9999.00000,-7.27600,0.37900,-7.09000,0.07200,-7.36800,0.09200,-7.11100,0.08700,-7.17600,0.09200,-7.10000,0.10400,-9999.00000,-9999.00000,-7.71700,0.19200,-7.72700,0.28200,-7.83300,0.22400,-7.76400,0.21600,-7.78900,0.18300,-7.79300,0.19800,-7.85600,0.28700,-7.83400,0.29600,-7.84500,0.21200,-7.86400,0.30900,-6.95700,0.08900,-7.05800,0.10500,-7.01500,0.11100,-6.99200,0.12700,-7.11000,0.10100,-7.06400,0.10200,-6.95600,0.09000,-7.01300,0.09800,-7.15900,0.11900,-7.01700,0.12200,-7.03500,0.11400,-7.03900,0.07100,-6.98900,0.08400,-6.99800,0.11500,0
-2.77500,139.82500,PapuaNewGuinea,-7.08100,0.13500,-9999.00000,-9999.00000,-7.29300,0.40800,-7.08200,0.07300,-7.36500,0.09800,-7.12400,0.10000,-7.16200,0.09200,-7.10800,0.09600,-9999.00000,-9999.00000,-7.69400,0.20700,-7.70000,0.27300,-7.84900,0.24200,-7.73700,0.24500,-7.78200,0.17300,-7.80000,0.20100,-7.84100,0.28400,-7.82100,0.25900,-7.85100,0.18000,-7.87500,0.28900,-6.94200,0.09800,-7.04300,0.11300,-7.00800,0.11600,-6.97200,0.13100,-7.09800,0.11300,-7.05100,0.10000,-6.94000,0.08700,-6.99100,0.10200,-7.14900,0.10600,-6.99800,0.10800,-7.01300,0.11200,-7.02500,0.07100,-6.98600,0.09500,-6.99800,0.10400,0
-2.77500,139.87500,PapuaNewGuinea,-7.09900,0.13100,-9999.00000,-9999.00000,-7.31600,0.45900,-7.07300,0.07900,-7.35800,0.10300,-7.12400,0.11900,-7.14800,0.08500,-7.10300,0.09900,-9999.00000,-9999.00000,-7.66000,0.21500,-7.67500,0.26800,-7.84300,0.23500,-7.71600,0.26200,-7.77300,0.16800,-7.79800,0.22200,-7.82200,0.28400,-7.81700,0.22800,-7.84500,0.16400,-7.87500,0.28800,-6.93700,0.10800,-7.03700,0.11700,-7.00900,0.13000,-6.95600,0.13500,-7.09200,0.12100,-7.04500,0.11100,-6.93900,0.08500,-6.98500,0.10900,-7.14000,0.09800,-6.99800,0.10400,-6.99100,0.11400,-7.00500,0.07100,-6.98700,0.10800,-7.00200,0.10700,0
-2.77500,139.92500,PapuaNewGuinea,-7.11000,0.12900,-9999.00000,-9999.00000,-7.33100,0.49200,-7.06800,0.08300,-7.35300,0.10700,-7.12400,0.13100,-7.14000,0.08100,-7.10000,0.10100,-9999.00000,-9999.00000,-7.63700,0.20700,-7.66200,0.26200,-7.81500,0.21500,-7.69900,0.25300,-7.76400,0.16700,-7.79200,0.23400,-7.81100,0.30300,-7.81600,0.21400,-7.83800,0.17400,-7.86200,0.26200,-6.93600,0.11100,-7.04000,0.11900,-7.01200,0.14200,-6.95700,0.13600,-7.08600,0.12800,-7.03800,0.12600,-6.94600,0.09000,-6.99800,0.11900,-7.13900,0.10400,-7.00400,0.11600,-6.97300,0.11300,-6.97800,0.07500,-6.98500,0.11300,-7.00400,0.11600,0
-2.77500,139.97500,PapuaNewGuinea,-7.15700,0.12300,-9999.00000,-9999.00000,-7.38900,0.62000,-7.05300,0.09300,-7.33200,0.11500,-7.11000,0.15300,-7.10900,0.06500,-7.07400,0.09800,-9999.00000,-9999.00000,-7.63200,0.19700,-7.65100,0.26600,-7.76900,0.18700,-7.70900,0.24000,-7.76500,0.17200,-7.79500,0.22400,-7.80000,0.30000,-7.81700,0.21900,-7.81600,0.19600,-7.82200,0.21700,-6.93800,0.10800,-7.04200,0.12800,-7.02000,0.14600,-6.97600,0.13500,-7.08300,0.13300,-7.03200,0.12800,-6.96100,0.10000,-7.01700,0.12600,-7.15100,0.11800,-7.02200,0.13100,-6.95800,0.11900,-6.95900,0.08200,-6.99600,0.12200,-7.00900,0.12900,0
-2.77500,140.02500,PapuaNewGuinea,-7.18200,0.12300,-9999.00000,-9999.00000,-7.41400,0.67700,-7.05500,0.09100,-7.32700,0.11600,-7.10500,0.15200,-7.10400,0.06100,-7.07400,0.08600,-9999.00000,-9999.00000,-7.61800,0.17000,-7.64100,0.25200,-7.75000,0.17600,-7.71900,0.22000,-7.75200,0.18400,-7.79400,0.20200,-7.78900,0.28200,-7.83500,0.24400,-7.80000,0.22200,-7.80100,0.17700,-6.95100,0.10600,-7.05200,0.14600,-7.03000,0.14300,-6.98800,0.13600,-7.08900,0.12900,-7.04300,0.12500,-6.97700,0.10900,-7.03600,0.12100,-7.18200,0.14200,-7.04100,0.12600,-6.97200,0.12500,-6.96200,0.09000,-7.00900,0.12600,-7.01900,0.13800,0
-2.77500,140.07500,PapuaNewGuinea,-7.22100,0.12300,-9999.00000,-9999.00000,-7.45200,0.76300,-7.05800,0.08800,-7.31800,0.11700,-7.09800,0.15100,-7.09500,0.05600,-7.07300,0.06800,-9999.00000,-9999.00000,-7.61200,0.15500,-7.64300,0.23000,-7.74300,0.17900,-7.71100,0.20600,-7.72900,0.19800,-7.78800,0.18100,-7.78000,0.26000,-7.84600,0.25100,-7.76900,0.22900,-7.78300,0.17200,-6.97000,0.10600,-7.07300,0.15600,-7.03600,0.14600,-6.99800,0.14200,-7.09500,0.13000,-7.05800,0.12500,-6.99400,0.10700,-7.05700,0.11700,-7.19700,0.14900,-7.05800,0.11800,-6.99300,0.12900,-6.97200,0.09200,-7.00900,0.13200,-7.02300,0.14100,0
-2.77500,140.12500,PapuaNewGuinea,-7.27200,0.11500,-9999.00000,-9999.00000,-7.51000,0.87700,-7.08000,0.08200,-7.31500,0.11800,-7.09800,0.12400,-7.11500,0.04700,-7.09200,0.05300,-9999.00000,-9999.00000,-7.60000,0.14700,-7.63400,0.21500,-7.74200,0.20000,-7.68400,0.18800,-7.68800,0.20000,-7.78100,0.15200,-7.77400,0.24200,-7.83400,0.24800,-7.75000,0.21300,-7.77200,0.19300,-6.97500,0.10900,-7.07800,0.13400,-7.04300,0.15100,-7.00000,0.14000,-7.09900,0.12600,-7.07300,0.12700,-6.99800,0.10200,-7.07600,0.11900,-7.20000,0.14900,-7.07100,0.11700,-7.01000,0.12200,-6.98200,0.09300,-7.00400,0.12200,-7.02000,0.14600,0
-2.77500,140.17500,PapuaNewGuinea,-7.29300,0.11200,-9999.00000,-9999.00000,-7.53800,0.92500,-7.09400,0.08100,-7.31800,0.11900,-7.10000,0.11000,-7.12900,0.04500,-7.10600,0.05500,-9999.00000,-9999.00000,-7.60300,0.15200,-7.64800,0.19400,-7.74100,0.21500,-7.65100,0.17700,-7.62900,0.19200,-7.76700,0.14800,-7.77200,0.24500,-7.80400,0.26800,-7.76400,0.18300,-7.74600,0.22400,-6.96700,0.11300,-7.07700,0.11000,-7.04600,0.15200,-6.99300,0.12600,-7.10400,0.11300,-7.08100,0.12100,-6.98600,0.10300,-7.08000,0.12600,-7.18200,0.13500,-7.07800,0.11500,-7.01200,0.10800,-6.99300,0.09700,-6.98900,0.11300,-7.00600,0.14700,0
-2.77500,140.22500,PapuaNewGuinea,-7.33300,0.10300,-9999.00000,-9999.00000,-7.60000,1.01000,-7.13300,0.08300,-7.34000,0.12100,-7.11400,0.07900,-7.17300,0.04500,-7.14700,0.08300,-9999.00000,-9999.00000,-7.62000,0.18200,-7.65900,0.20100,-7.74400,0.22000,-7.61700,0.16700,-7.59400,0.18100,-7.76800,0.17400,-7.77700,0.25300,-7.78700,0.25100,-7.77500,0.17300,-7.75100,0.23200,-6.95100,0.11900,-7.08200,0.11000,-7.03700,0.15400,-6.98900,0.11500,-7.11800,0.10500,-7.07700,0.11700,-6.96000,0.10700,-7.07300,0.12500,-7.14600,0.12200,-7.08000,0.11700,-7.01200,0.10300,-6.99200,0.10400,-6.97100,0.09700,-6.98800,0.14200,0
-2.77500,140.27500,PapuaNewGuinea,-7.36200,0.11300,-9999.00000,-9999.00000,-7.63800,1.03400,-7.17400,0.08300,-7.37900,0.11900,-7.14100,0.08200,-7.22300,0.05600,-7.20400,0.09800,-9999.00000,-9999.00000,-7.66400,0.20400,-7.68000,0.21300,-7.75000,0.21100,-7.62300,0.17000,-7.59900,0.17900,-7.80500,0.20100,-7.80300,0.27400,-7.79600,0.23800,-7.80100,0.16100,-7.78200,0.23400,-6.93800,0.12700,-7.09400,0.12000,-7.03500,0.15500,-6.98700,0.10800,-7.14600,0.10100,-7.07300,0.11900,-6.94600,0.10700,-7.06900,0.12000,-7.12200,0.13200,-7.09500,0.11800,-7.02100,0.09900,-6.98700,0.11300,-6.95800,0.08900,-6.99900,0.13900,0
-2.82500,139.77500,PapuaNewGuinea,-7.10200,0.13500,-9999.00000,-9999.00000,-7.30300,0.38700,-7.12600,0.06900,-7.40100,0.08700,-7.13900,0.09300,-7.20900,0.09500,-7.12200,0.11300,-9999.00000,-9999.00000,-7.73600,0.21000,-7.75500,0.24800,-7.87200,0.24900,-7.77600,0.19600,-7.79300,0.13700,-7.81800,0.18100,-7.85200,0.30300,-7.84100,0.28000,-7.86100,0.21900,-7.86100,0.30500,-6.97700,0.08700,-7.10900,0.08600,-7.04000,0.11700,-6.99900,0.12300,-7.13800,0.09700,-7.08700,0.10100,-6.96200,0.08700,-7.03100,0.10500,-7.17200,0.11600,-7.02800,0.12400,-7.04700,0.11400,-7.04400,0.07300,-7.00000,0.08900,-7.00200,0.11800,0
-2.82500,139.82500,PapuaNewGuinea,-7.11500,0.13300,-9999.00000,-9999.00000,-7.32300,0.40700,-7.12300,0.07000,-7.40400,0.09300,-7.15600,0.10300,-7.19900,0.09500,-7.13600,0.09500,-9999.00000,-9999.00000,-7.72700,0.21800,-7.74800,0.24800,-7.89000,0.26000,-7.76800,0.22700,-7.81800,0.12700,-7.83300,0.19200,-7.86600,0.26900,-7.84100,0.24800,-7.87100,0.19400,-7.89900,0.30400,-6.96700,0.09100,-7.09900,0.09000,-7.04300,0.12100,-6.99100,0.12700,-7.12900,0.11100,-7.07400,0.10100,-6.95100,0.08400,-7.00900,0.11300,-7.16600,0.10300,-7.00900,0.11800,-7.02300,0.11500,-7.03300,0.07200,-7.00100,0.09400,-7.01300,0.11200,0
-2.82500,139.87500,PapuaNewGuinea,-7.13300,0.13000,-9999.00000,-9999.00000,-7.34700,0.45100,-7.11800,0.07800,-7.40100,0.09700,-7.16100,0.12000,-7.18900,0.08600,-7.13700,0.09700,-9999.00000,-9999.00000,-7.71100,0.21700,-7.74700,0.25500,-7.89000,0.24800,-7.75500,0.24500,-7.83400,0.12600,-7.85500,0.21600,-7.85900,0.26000,-7.85100,0.23300,-7.88500,0.16700,-7.92500,0.30000,-6.96800,0.09700,-7.09200,0.10700,-7.04900,0.13600,-6.98600,0.13400,-7.11700,0.11700,-7.06300,0.10700,-6.94700,0.08900,-7.00200,0.12300,-7.16300,0.09300,-7.01500,0.12100,-6.99800,0.11300,-7.01900,0.06900,-7.01300,0.10100,-7.02900,0.11900,0
-2.82500,139.92500,PapuaNewGuinea,-7.14600,0.12700,-9999.00000,-9999.00000,-7.36300,0.47900,-7.11600,0.08300,-7.39900,0.10000,-7.16500,0.13100,-7.18400,0.08000,-7.13800,0.09900,-9999.00000,-9999.00000,-7.71900,0.20900,-7.74500,0.25500,-7.86400,0.21400,-7.75200,0.24800,-7.84300,0.14600,-7.85200,0.23300,-7.86800,0.26700,-7.86000,0.22000,-7.89500,0.16800,-7.92100,0.26600,-6.96800,0.10700,-7.10000,0.11100,-7.05500,0.14900,-6.99600,0.13400,-7.10600,0.11900,-7.05800,0.12000,-6.95400,0.09700,-7.01700,0.12900,-7.17100,0.09200,-7.02900,0.13500,-6.97900,0.10700,-6.99800,0.07100,-7.02800,0.10900,-7.04300,0.12600,0
-2.82500,139.97500,PapuaNewGuinea,-7.18800,0.12000,-9999.00000,-9999.00000,-7.42300,0.60000,-7.10700,0.09300,-7.38300,0.10900,-7.16000,0.15400,-7.15900,0.06300,-7.11800,0.10000,-9999.00000,-9999.00000,-7.72100,0.18200,-7.72800,0.25600,-7.83700,0.19100,-7.75500,0.22400,-7.86400,0.16500,-7.85200,0.23100,-7.87400,0.26400,-7.87400,0.22100,-7.88600,0.19500,-7.90300,0.21300,-6.97200,0.11100,-7.11000,0.12400,-7.05900,0.14700,-7.01700,0.13100,-7.09400,0.12500,-7.05700,0.12300,-6.97500,0.10000,-7.04400,0.12800,-7.19200,0.10500,-7.05100,0.14900,-6.97700,0.10600,-6.98700,0.07600,-7.04600,0.12000,-7.04900,0.13800,0
-2.82500,140.02500,PapuaNewGuinea,-7.20900,0.11800,-9999.00000,-9999.00000,-7.44800,0.65300,-7.11000,0.09100,-7.37800,0.11000,-7.15700,0.15500,-7.15400,0.06100,-7.11600,0.09000,-9999.00000,-9999.00000,-7.71600,0.14800,-7.72000,0.24800,-7.82300,0.17400,-7.76500,0.19500,-7.84300,0.17600,-7.85000,0.21200,-7.86300,0.24400,-7.88900,0.24700,-7.87300,0.22300,-7.86400,0.18200,-6.98400,0.11200,-7.11500,0.14100,-7.06000,0.14100,-7.03300,0.13000,-7.09500,0.12800,-7.06500,0.12300,-6.99700,0.10400,-7.06300,0.12900,-7.22100,0.13500,-7.07700,0.14500,-6.99500,0.11800,-6.99200,0.08800,-7.05400,0.12600,-7.05500,0.14900,0
-2.82500,140.07500,PapuaNewGuinea,-7.24200,0.11600,-9999.00000,-9999.00000,-7.48700,0.73800,-7.11300,0.08700,-7.37100,0.11200,-7.15100,0.15600,-7.14700,0.05700,-7.11400,0.07400,-9999.00000,-9999.00000,-7.70500,0.14400,-7.70600,0.23100,-7.81200,0.18500,-7.74600,0.18500,-7.78900,0.18300,-7.83500,0.18600,-7.84700,0.23000,-7.89000,0.24700,-7.83900,0.23500,-7.83100,0.18100,-7.00400,0.10900,-7.11600,0.14500,-7.06200,0.13800,-7.04400,0.13500,-7.10400,0.13100,-7.07600,0.12400,-7.01600,0.10700,-7.08600,0.12800,-7.24600,0.14900,-7.10900,0.13100,-7.01700,0.12600,-7.00000,0.09300,-7.05800,0.12800,-7.06200,0.15500,0
-2.82500,140.12500,PapuaNewGuinea,-7.28400,0.10600,-9999.00000,-9999.00000,-7.54000,0.84800,-7.13000,0.08100,-7.36500,0.11300,-7.14700,0.13000,-7.16000,0.05100,-7.12600,0.05600,-9999.00000,-9999.00000,-7.68000,0.14600,-7.69000,0.21800,-7.79900,0.20000,-7.71800,0.18100,-7.73300,0.19100,-7.82500,0.15800,-7.82300,0.23200,-7.87100,0.25800,-7.81600,0.21700,-7.80800,0.20600,-7.01800,0.11000,-7.11800,0.13700,-7.06600,0.14100,-7.04900,0.13400,-7.11400,0.12900,-7.09200,0.12300,-7.02300,0.10900,-7.11800,0.12500,-7.26200,0.15600,-7.12400,0.12000,-7.03400,0.12200,-7.00900,0.09300,-7.06400,0.12300,-7.06700,0.15900,0
-2.82500,140.17500,PapuaNewGuinea,-7.30200,0.10200,-9999.00000,-9999.00000,-7.56700,0.89600,-7.14100,0.07900,-7.36700,0.11400,-7.14600,0.11600,-7.17100,0.04900,-7.13600,0.05400,-9999.00000,-9999.00000,-7.63800,0.15200,-7.66900,0.20700,-7.77400,0.19900,-7.66900,0.17000,-7.65700,0.20000,-7.80100,0.14500,-7.77600,0.22800,-7.84500,0.26400,-7.79700,0.19600,-7.76000,0.21400,-7.01900,0.12200,-7.10600,0.10600,-7.06700,0.14500,-7.04400,0.11900,-7.12400,0.12100,-7.10500,0.11400,-7.02200,0.10900,-7.12800,0.12800,-7.25000,0.15000,-7.12700,0.11600,-7.03900,0.10700,-7.01800,0.10000,-7.05900,0.11700,-7.06200,0.15900,0
-2.82500,140.22500,PapuaNewGuinea,-7.33300,0.09600,-9999.00000,-9999.00000,-7.62300,0.98400,-7.16900,0.08100,-7.37800,0.11600,-7.14800,0.08300,-7.20400,0.05000,-7.16700,0.07500,-9999.00000,-9999.00000,-7.61700,0.17400,-7.66000,0.20500,-7.75300,0.19900,-7.61300,0.17000,-7.59700,0.20400,-7.78500,0.15800,-7.75300,0.23000,-7.80200,0.26000,-7.77900,0.17500,-7.73600,0.22700,-6.99700,0.13500,-7.10500,0.10400,-7.06000,0.14600,-7.02900,0.10500,-7.13700,0.11100,-7.10100,0.11100,-7.01400,0.11300,-7.11400,0.12900,-7.21700,0.14000,-7.13000,0.11800,-7.03600,0.09900,-7.01900,0.10500,-7.04300,0.10500,-7.04800,0.15300,0
-2.82500,140.27500,PapuaNewGuinea,-7.35700,0.10600,-9999.00000,-9999.00000,-7.65400,1.01100,-7.19800,0.08100,-7.40600,0.11400,-7.16700,0.08300,-7.24400,0.06000,-7.21400,0.09000,-9999.00000,-9999.00000,-7.62500,0.19000,-7.65600,0.21800,-7.73800,0.19200,-7.59500,0.17100,-7.57600,0.20100,-7.77900,0.18600,-7.76100,0.24200,-7.78900,0.25400,-7.77500,0.16900,-7.73400,0.23100,-6.97100,0.13900,-7.10800,0.11300,-7.05100,0.14700,-7.01400,0.10300,-7.15200,0.10300,-7.08800,0.11000,-6.99000,0.11900,-7.09400,0.12500,-7.18000,0.14300,-7.12700,0.12000,-7.03400,0.09500,-7.01100,0.11000,-7.01800,0.09600,-7.03900,0.14400,0
-2.87500,139.77500,PapuaNewGuinea,-7.16500,0.13100,-9999.00000,-9999.00000,-7.35300,0.40100,-7.19100,0.06100,-7.46200,0.07700,-7.18800,0.10300,-7.26400,0.10100,-7.16300,0.13400,-9999.00000,-9999.00000,-7.75200,0.21600,-7.74600,0.22300,-7.87800,0.26800,-7.79500,0.20300,-7.76200,0.13000,-7.82700,0.17400,-7.83400,0.31700,-7.81100,0.24400,-7.85900,0.24200,-7.86700,0.27000,-6.99000,0.09200,-7.12700,0.08700,-7.04900,0.11800,-7.00500,0.11100,-7.15000,0.10300,-7.09500,0.09600,-6.96600,0.08200,-7.04000,0.11200,-7.16900,0.10200,-7.04100,0.12600,-7.04700,0.11200,-7.04500,0.08900,-7.00600,0.09300,-6.99700,0.12200,0
-2.87500,139.82500,PapuaNewGuinea,-7.17900,0.12900,-9999.00000,-9999.00000,-7.37500,0.40400,-7.19500,0.06200,-7.47400,0.08200,-7.21000,0.10700,-7.25900,0.10100,-7.18700,0.09400,-9999.00000,-9999.00000,-7.74700,0.22100,-7.76100,0.22600,-7.89700,0.28300,-7.78400,0.22800,-7.81100,0.12500,-7.86100,0.19700,-7.86000,0.27500,-7.83500,0.22900,-7.87000,0.21600,-7.90700,0.27400,-6.98900,0.09000,-7.12900,0.08600,-7.05800,0.12600,-7.00200,0.11400,-7.14400,0.11300,-7.08300,0.09600,-6.95400,0.08500,-7.02300,0.12700,-7.16900,0.09500,-7.02700,0.13000,-7.02700,0.11200,-7.03900,0.08400,-7.00100,0.09200,-7.01400,0.12500,0
-2.87500,139.87500,PapuaNewGuinea,-7.19700,0.12500,-9999.00000,-9999.00000,-7.40000,0.43400,-7.19800,0.07100,-7.47700,0.08600,-7.22400,0.12000,-7.25700,0.08800,-7.19600,0.09500,-9999.00000,-9999.00000,-7.74700,0.22100,-7.78300,0.24000,-7.90700,0.26600,-7.77300,0.24000,-7.84800,0.13100,-7.88400,0.21400,-7.87400,0.24800,-7.85900,0.22100,-7.89500,0.19400,-7.93900,0.28000,-6.98200,0.10100,-7.12600,0.09500,-7.06600,0.14000,-6.99600,0.12000,-7.12800,0.10900,-7.06900,0.09700,-6.94400,0.09100,-7.01600,0.14100,-7.17200,0.09400,-7.02100,0.13500,-6.99500,0.11100,-7.02500,0.07700,-7.00900,0.09200,-7.03700,0.13100,0
-2.87500,139.92500,PapuaNewGuinea,-7.21000,0.12300,-9999.00000,-9999.00000,-7.41700,0.45400,-7.19900,0.07800,-7.48000,0.08900,-7.23400,0.13000,-7.25500,0.08000,-7.20300,0.09700,-9999.00000,-9999.00000,-7.76800,0.20100,-7.80200,0.25200,-7.90000,0.22700,-7.77200,0.23400,-7.87100,0.15000,-7.88500,0.22300,-7.89900,0.23900,-7.87500,0.20100,-7.92400,0.17500,-7.93800,0.24900,-6.97200,0.12000,-7.12900,0.11500,-7.07400,0.15100,-7.00500,0.12100,-7.10900,0.10000,-7.06100,0.10400,-6.94400,0.10000,-7.02300,0.14300,-7.17900,0.09800,-7.02800,0.14400,-6.97200,0.10800,-7.00400,0.06900,-7.03300,0.10400,-7.05300,0.13600,0
-2.87500,139.97500,PapuaNewGuinea,-7.24200,0.11400,-9999.00000,-9999.00000,-7.47600,0.56200,-7.19900,0.08800,-7.46900,0.09900,-7.24200,0.15600,-7.24000,0.06200,-7.19200,0.10300,-9999.00000,-9999.00000,-7.80000,0.16300,-7.79600,0.24800,-7.89100,0.21300,-7.77000,0.20300,-7.89000,0.15500,-7.88900,0.22700,-7.91900,0.22000,-7.90200,0.19900,-7.93000,0.17500,-7.92800,0.20400,-6.97800,0.12400,-7.12900,0.13000,-7.07300,0.14400,-7.02500,0.11900,-7.08800,0.10300,-7.06200,0.11500,-6.96500,0.10300,-7.04400,0.13400,-7.19300,0.10300,-7.04700,0.15400,-6.97200,0.10700,-6.99400,0.07100,-7.06100,0.11600,-7.05800,0.14600,0
-2.87500,140.02500,PapuaNewGuinea,-7.25600,0.11100,-9999.00000,-9999.00000,-7.50100,0.61200,-7.20100,0.08600,-7.46500,0.10100,-7.24000,0.15900,-7.23500,0.06000,-7.18800,0.09600,-9999.00000,-9999.00000,-7.80300,0.13400,-7.79100,0.24300,-7.88300,0.20000,-7.77900,0.18800,-7.86600,0.16200,-7.90300,0.21300,-7.92000,0.21000,-7.91600,0.22200,-7.92900,0.20500,-7.91000,0.18000,-6.99500,0.12100,-7.13500,0.13700,-7.07200,0.13400,-7.04500,0.11700,-7.08600,0.11000,-7.07300,0.12300,-6.99200,0.10600,-7.06500,0.13000,-7.21800,0.12600,-7.08300,0.15100,-6.99300,0.11300,-6.99900,0.07800,-7.07100,0.11700,-7.06200,0.15900,0
-2.87500,140.07500,PapuaNewGuinea,-7.27900,0.10500,-9999.00000,-9999.00000,-7.54100,0.69500,-7.20400,0.08300,-7.45700,0.10500,-7.23700,0.16300,-7.22800,0.05800,-7.18100,0.08600,-9999.00000,-9999.00000,-7.78600,0.12500,-7.76500,0.22900,-7.88000,0.20600,-7.77500,0.19500,-7.82400,0.17300,-7.90000,0.19100,-7.90900,0.22100,-7.92000,0.22900,-7.90300,0.21700,-7.87600,0.17700,-7.02300,0.11500,-7.14300,0.13700,-7.07300,0.12800,-7.06500,0.12100,-7.10000,0.12200,-7.08700,0.12500,-7.01600,0.11200,-7.09700,0.12800,-7.24700,0.14700,-7.12700,0.13700,-7.02300,0.11800,-7.01200,0.08400,-7.07900,0.11600,-7.07200,0.16900,0
-2.87500,140.12500,PapuaNewGuinea,-7.30700,0.09200,-9999.00000,-9999.00000,-7.58800,0.80400,-7.21000,0.07800,-7.44700,0.10700,-7.22400,0.14000,-7.23200,0.05600,-7.18100,0.06100,-9999.00000,-9999.00000,-7.75800,0.13700,-7.73400,0.22400,-7.87400,0.20600,-7.76000,0.19700,-7.77500,0.18600,-7.88400,0.17800,-7.88600,0.23000,-7.91300,0.26400,-7.87900,0.21000,-7.84000,0.18100,-7.04800,0.11400,-7.13800,0.12100,-7.07800,0.12700,-7.07900,0.12600,-7.12500,0.13100,-7.10400,0.11900,-7.03700,0.11500,-7.12900,0.12300,-7.26800,0.15200,-7.15100,0.13100,-7.04900,0.11500,-7.02700,0.08500,-7.08900,0.11800,-7.08800,0.17200,0
-2.87500,140.17500,PapuaNewGuinea,-7.31900,0.08800,-9999.00000,-9999.00000,-7.61100,0.85300,-7.21400,0.07600,-7.44300,0.10700,-7.21700,0.12700,-7.23600,0.05500,-7.18400,0.05500,-9999.00000,-9999.00000,-7.69100,0.15300,-7.69800,0.21300,-7.83000,0.19000,-7.71200,0.18700,-7.69000,0.21300,-7.84600,0.15800,-7.81500,0.22800,-7.88700,0.27200,-7.83300,0.19500,-7.78300,0.20200,-7.05800,0.12700,-7.12900,0.09800,-7.08400,0.13200,-7.08300,0.11800,-7.14600,0.13100,-7.12200,0.11200,-7.05600,0.11700,-7.14400,0.12300,-7.27300,0.15000,-7.16100,0.12600,-7.06600,0.10600,-7.03800,0.09200,-7.10100,0.11100,-7.09500,0.17100,0
-2.87500,140.22500,PapuaNewGuinea,-7.33700,0.08400,-9999.00000,-9999.00000,-7.65700,0.94500,-7.22300,0.07700,-7.43600,0.10800,-7.20100,0.09000,-7.25200,0.05700,-7.19700,0.06300,-9999.00000,-9999.00000,-7.64500,0.16400,-7.67100,0.22700,-7.78200,0.18800,-7.65000,0.19300,-7.62000,0.23500,-7.81600,0.15800,-7.77900,0.21700,-7.83700,0.27400,-7.80100,0.17900,-7.74100,0.22400,-7.05700,0.14800,-7.12700,0.09500,-7.08300,0.13800,-7.07200,0.10500,-7.16100,0.11900,-7.12700,0.10700,-7.06000,0.11900,-7.13400,0.12600,-7.25700,0.15000,-7.16500,0.12400,-7.06800,0.10100,-7.04200,0.10100,-7.10200,0.09600,-7.08700,0.16200,0
-2.87500,140.27500,PapuaNewGuinea,-7.35100,0.09700,-9999.00000,-9999.00000,-7.67900,0.97900,-7.23600,0.07900,-7.44700,0.10800,-7.20600,0.08400,-7.27700,0.06600,-7.23100,0.07800,-9999.00000,-9999.00000,-7.62500,0.17400,-7.64300,0.24600,-7.74500,0.18300,-7.60900,0.19300,-7.58900,0.22300,-7.78700,0.18200,-7.75600,0.21300,-7.79600,0.26600,-7.78300,0.19100,-7.71400,0.22800,-7.03200,0.15200,-7.12600,0.10200,-7.07800,0.14400,-7.05300,0.10300,-7.17400,0.10600,-7.11800,0.10500,-7.04300,0.12300,-7.11500,0.12600,-7.22900,0.14700,-7.16100,0.12300,-7.06100,0.09900,-7.04000,0.10200,-7.08800,0.08600,-7.07400,0.15000,0
-2.92500,139.77500,PapuaNewGuinea,-7.23000,0.12100,-9999.00000,-9999.00000,-7.38200,0.39000,-7.24400,0.05200,-7.50800,0.06400,-7.22200,0.10800,-7.29400,0.10600,-7.19600,0.17300,-9999.00000,-9999.00000,-7.77000,0.20600,-7.73000,0.21300,-7.85600,0.27300,-7.80000,0.22400,-7.73200,0.14300,-7.83000,0.17800,-7.79500,0.31100,-7.77300,0.19700,-7.85200,0.25500,-7.85300,0.21800,-6.98700,0.09400,-7.13100,0.09400,-7.04900,0.11400,-6.99800,0.10400,-7.14700,0.11100,-7.09100,0.09300,-6.97700,0.08200,-7.04400,0.11600,-7.16200,0.09000,-7.05400,0.12100,-7.03900,0.11000,-7.04400,0.09500,-7.00300,0.09200,-6.99000,0.13600,0
-2.92500,139.82500,PapuaNewGuinea,-7.24400,0.11800,-9999.00000,-9999.00000,-7.41600,0.39100,-7.25700,0.05400,-7.52800,0.06900,-7.24700,0.10600,-7.29500,0.10800,-7.22900,0.11300,-9999.00000,-9999.00000,-7.77200,0.21000,-7.75600,0.22000,-7.88600,0.27500,-7.78100,0.23400,-7.78500,0.14800,-7.86800,0.21000,-7.83600,0.27500,-7.81300,0.19100,-7.86700,0.25000,-7.89300,0.22900,-6.99100,0.09400,-7.13600,0.09800,-7.05900,0.12500,-6.99900,0.10300,-7.14600,0.11200,-7.08300,0.09400,-6.96300,0.08700,-7.03400,0.13300,-7.16900,0.09300,-7.03800,0.13400,-7.02600,0.10600,-7.04300,0.09200,-6.99500,0.09100,-7.01200,0.14200,0
-2.92500,139.87500,PapuaNewGuinea,-7.26300,0.11400,-9999.00000,-9999.00000,-7.45000,0.42300,-7.26900,0.06300,-7.54000,0.07500,-7.27300,0.11200,-7.30200,0.09800,-7.25200,0.10600,-9999.00000,-9999.00000,-7.77700,0.20100,-7.80000,0.23600,-7.91400,0.25900,-7.77400,0.24100,-7.84100,0.16300,-7.89000,0.23100,-7.86900,0.25100,-7.85300,0.18400,-7.90300,0.24100,-7.92200,0.23600,-6.98200,0.11300,-7.13500,0.10600,-7.06400,0.13200,-6.99500,0.10900,-7.13100,0.10100,-7.07000,0.09500,-6.94700,0.09100,-7.02700,0.15200,-7.17200,0.10200,-7.02500,0.14100,-6.99600,0.10500,-7.02800,0.08800,-6.99000,0.08900,-7.03500,0.14000,0
-2.92500,139.92500,PapuaNewGuinea,-7.27700,0.11000,-9999.00000,-9999.00000,-7.47500,0.44600,-7.27800,0.07000,-7.54800,0.08000,-7.29100,0.11700,-7.30700,0.09200,-7.26800,0.10000,-9999.00000,-9999.00000,-7.80500,0.19300,-7.83900,0.24700,-7.92100,0.23100,-7.76700,0.22600,-7.87300,0.17400,-7.90700,0.23600,-7.90200,0.23000,-7.88800,0.18300,-7.93200,0.21100,-7.92900,0.21800,-6.98400,0.11600,-7.13300,0.11900,-7.06700,0.13600,-7.00000,0.11700,-7.09900,0.08400,-7.05800,0.09900,-6.93600,0.09500,-7.02500,0.15600,-7.17000,0.11100,-7.01900,0.14300,-6.97100,0.10600,-7.00000,0.07700,-7.00800,0.10400,-7.05000,0.14100,0
-2.92500,139.97500,PapuaNewGuinea,-7.30300,0.10500,-9999.00000,-9999.00000,-7.53800,0.53700,-7.29000,0.08000,-7.55100,0.09200,-7.31800,0.14400,-7.30600,0.07600,-7.27600,0.10200,-9999.00000,-9999.00000,-7.84800,0.14900,-7.84700,0.24100,-7.93100,0.24400,-7.77500,0.20800,-7.88500,0.16900,-7.92600,0.23100,-7.94700,0.20800,-7.91800,0.18700,-7.96300,0.18400,-7.92800,0.19900,-6.99300,0.11700,-7.13300,0.13400,-7.07200,0.13100,-7.01700,0.12100,-7.07500,0.08900,-7.05500,0.11000,-6.94700,0.10100,-7.03200,0.14600,-7.17100,0.11400,-7.03500,0.14900,-6.96300,0.10900,-6.98600,0.08200,-7.03900,0.11500,-7.05200,0.15400,0
-2.92500,140.02500,PapuaNewGuinea,-7.31500,0.10200,-9999.00000,-9999.00000,-7.56200,0.58100,-7.29600,0.07800,-7.55100,0.09600,-7.32100,0.15100,-7.30600,0.07400,-7.27500,0.09700,-9999.00000,-9999.00000,-7.86800,0.13500,-7.85000,0.22700,-7.94000,0.23000,-7.79700,0.20800,-7.87300,0.16300,-7.95200,0.22300,-7.95700,0.21700,-7.93600,0.21100,-7.96600,0.18200,-7.93700,0.17700,-7.01200,0.11500,-7.14300,0.13900,-7.07200,0.12000,-7.03600,0.11500,-7.08200,0.10600,-7.06900,0.12300,-6.97500,0.10700,-7.05200,0.13200,-7.18700,0.12100,-7.07800,0.14800,-6.98000,0.11400,-6.98500,0.09600,-7.06100,0.11100,-7.05000,0.17000,0
-2.92500,140.07500,PapuaNewGuinea,-7.33300,0.09900,-9999.00000,-9999.00000,-7.60200,0.65500,-7.30400,0.07400,-7.54900,0.10300,-7.32600,0.16300,-7.30600,0.06900,-7.27200,0.08800,-9999.00000,-9999.00000,-7.86400,0.13200,-7.82400,0.22400,-7.93400,0.22600,-7.81100,0.20800,-7.84600,0.17000,-7.96200,0.21300,-7.94700,0.22800,-7.96100,0.24400,-7.94900,0.19300,-7.91700,0.17100,-7.03700,0.11200,-7.15800,0.13800,-7.07500,0.11100,-7.06400,0.10500,-7.10800,0.12400,-7.09000,0.12700,-7.01000,0.11500,-7.08300,0.12300,-7.22100,0.13300,-7.12800,0.14200,-7.01000,0.11700,-7.00100,0.10200,-7.07700,0.10800,-7.06000,0.18000,0
-2.92500,140.12500,PapuaNewGuinea,-7.35600,0.09000,-9999.00000,-9999.00000,-7.64900,0.76100,-7.30900,0.06300,-7.54300,0.10300,-7.31700,0.14800,-7.31300,0.06500,-7.26600,0.06600,-9999.00000,-9999.00000,-7.82900,0.14100,-7.79000,0.21400,-7.92100,0.21300,-7.81100,0.21300,-7.80600,0.19100,-7.95200,0.20400,-7.92700,0.22500,-7.95400,0.27200,-7.92300,0.19100,-7.88100,0.17200,-7.06300,0.11400,-7.15500,0.11700,-7.08200,0.11100,-7.09000,0.11400,-7.13500,0.13300,-7.11300,0.12300,-7.04600,0.12000,-7.11900,0.11600,-7.25700,0.13800,-7.15900,0.13600,-7.04400,0.11500,-7.02700,0.09900,-7.09800,0.11000,-7.08500,0.18100,0
-2.92500,140.17500,PapuaNewGuinea,-7.36400,0.08700,-9999.00000,-9999.00000,-7.67100,0.80900,-7.31000,0.05900,-7.53900,0.10300,-7.31200,0.13800,-7.31700,0.06500,-7.26400,0.05800,-9999.00000,-9999.00000,-7.76400,0.16700,-7.74200,0.21100,-7.89200,0.19100,-7.77600,0.20900,-7.72600,0.21200,-7.90800,0.19200,-7.87800,0.21800,-7.93700,0.30100,-7.86700,0.19000,-7.83000,0.18400,-7.09200,0.13800,-7.15500,0.09700,-7.09200,0.11500,-7.10300,0.11800,-7.15600,0.13300,-7.13800,0.11500,-7.07800,0.12200,-7.14000,0.11400,-7.27800,0.14300,-7.17600,0.13100,-7.08300,0.10900,-7.04700,0.10300,-7.12400,0.10200,-7.10600,0.17500,0
-2.92500,140.22500,PapuaNewGuinea,-7.37200,0.08500,-9999.00000,-9999.00000,-7.70900,0.90200,-7.30400,0.05700,-7.52100,0.10000,-7.28900,0.10900,-7.32500,0.06800,-7.26200,0.05700,-9999.00000,-9999.00000,-7.71100,0.17100,-7.70400,0.24700,-7.82800,0.17700,-7.72100,0.21800,-7.66700,0.23000,-7.86500,0.18300,-7.82400,0.20800,-7.88400,0.29400,-7.83000,0.19400,-7.77000,0.22100,-7.09200,0.15400,-7.15100,0.09000,-7.09800,0.12300,-7.10600,0.11400,-7.17800,0.12200,-7.15200,0.11300,-7.08800,0.12500,-7.13700,0.11900,-7.27300,0.14800,-7.18600,0.12500,-7.09800,0.10800,-7.06500,0.10100,-7.13600,0.08700,-7.11000,0.16200,0
-2.92500,140.27500,PapuaNewGuinea,-7.37600,0.09400,-9999.00000,-9999.00000,-7.72200,0.93900,-7.30100,0.05900,-7.51900,0.09900,-7.28400,0.10100,-7.33700,0.07500,-7.27900,0.06900,-9999.00000,-9999.00000,-7.66600,0.17700,-7.65900,0.27200,-7.75900,0.18200,-7.67000,0.21600,-7.64800,0.21800,-7.82200,0.19600,-7.77900,0.19900,-7.83300,0.28100,-7.80700,0.21100,-7.72600,0.23100,-7.07700,0.15400,-7.14800,0.09500,-7.10100,0.13300,-7.09700,0.10900,-7.19900,0.11400,-7.15100,0.11200,-7.08000,0.12400,-7.12400,0.12500,-7.25800,0.14700,-7.18600,0.12200,-7.09700,0.10400,-7.07100,0.10300,-7.12700,0.07900,-7.10300,0.15400,0
-2.97500,139.77500,PapuaNewGuinea,-7.26300,0.11500,-9999.00000,-9999.00000,-7.39400,0.38300,-7.27000,0.04700,-7.52900,0.05800,-7.23700,0.10800,-7.30500,0.10700,-7.21300,0.19200,-9999.00000,-9999.00000,-7.78300,0.17600,-7.72000,0.20300,-7.85000,0.27800,-7.80000,0.23000,-7.71900,0.16400,-7.82800,0.19000,-7.75800,0.29300,-7.75700,0.14700,-7.84700,0.26700,-7.83200,0.19200,-6.96400,0.10400,-7.11600,0.10100,-7.03600,0.10400,-6.98200,0.11100,-7.11600,0.10100,-7.07500,0.10100,-6.98500,0.09000,-7.02800,0.11100,-7.14900,0.08400,-7.05200,0.11100,-7.02400,0.10200,-7.03800,0.09600,-6.99000,0.09100,-6.98100,0.14800,0
-2.97500,139.82500,PapuaNewGuinea,-7.27600,0.11100,-9999.00000,-9999.00000,-7.43500,0.38500,-7.28700,0.05000,-7.55200,0.06300,-7.26300,0.10400,-7.30900,0.11200,-7.25000,0.12500,-9999.00000,-9999.00000,-7.78600,0.18700,-7.76100,0.22100,-7.86600,0.27500,-7.78900,0.22000,-7.75700,0.17400,-7.85300,0.22100,-7.79500,0.26700,-7.79700,0.14200,-7.85100,0.27000,-7.87000,0.19700,-6.96800,0.10800,-7.12400,0.10900,-7.04300,0.11400,-6.98800,0.11200,-7.12700,0.10100,-7.07200,0.09700,-6.97500,0.08900,-7.02600,0.12200,-7.15800,0.09000,-7.03700,0.13100,-7.01800,0.09700,-7.03700,0.10400,-6.97500,0.09500,-6.99700,0.15000,0
-2.97500,139.87500,PapuaNewGuinea,-7.29500,0.10700,-9999.00000,-9999.00000,-7.47300,0.41900,-7.30300,0.06000,-7.56700,0.07100,-7.29200,0.10600,-7.31800,0.10400,-7.27700,0.11300,-9999.00000,-9999.00000,-7.80500,0.20900,-7.81200,0.23500,-7.88900,0.24600,-7.77600,0.22200,-7.80700,0.18600,-7.88100,0.23900,-7.84700,0.24400,-7.84900,0.14300,-7.88300,0.27400,-7.88900,0.20200,-6.98000,0.10900,-7.12900,0.11500,-7.04900,0.12100,-6.99200,0.12700,-7.11600,0.08700,-7.06400,0.09500,-6.95600,0.08700,-7.02500,0.14200,-7.15800,0.10400,-7.02200,0.13700,-6.99700,0.10200,-7.02000,0.10700,-6.96500,0.10200,-7.01600,0.14300,0
-2.97500,139.92500,PapuaNewGuinea,-7.30900,0.10400,-9999.00000,-9999.00000,-7.50200,0.44400,-7.31500,0.06700,-7.57800,0.07600,-7.31300,0.10800,-7.32600,0.09800,-7.29800,0.10400,-9999.00000,-9999.00000,-7.84200,0.20100,-7.86600,0.22300,-7.91600,0.23100,-7.76900,0.21200,-7.85100,0.19200,-7.91100,0.23800,-7.89800,0.23600,-7.88600,0.17500,-7.92300,0.23800,-7.91600,0.20000,-6.99700,0.10200,-7.13600,0.12300,-7.05700,0.12400,-7.00000,0.14200,-7.09200,0.08800,-7.05400,0.09500,-6.93800,0.08300,-7.01900,0.15600,-7.15100,0.11500,-7.01600,0.13800,-6.97400,0.11100,-6.99500,0.09800,-6.97600,0.11600,-7.02800,0.13800,0
-2.97500,139.97500,PapuaNewGuinea,-7.33100,0.10000,-9999.00000,-9999.00000,-7.56700,0.53000,-7.33100,0.07700,-7.58600,0.09000,-7.34700,0.13500,-7.33200,0.08300,-7.31400,0.10300,-9999.00000,-9999.00000,-7.88400,0.17700,-7.89500,0.22600,-7.94800,0.26000,-7.78400,0.20100,-7.87000,0.18200,-7.95300,0.22200,-7.94900,0.23100,-7.93700,0.20700,-7.96600,0.20100,-7.93100,0.18900,-7.02500,0.10100,-7.14500,0.13400,-7.06500,0.11600,-7.01300,0.14200,-7.08200,0.11500,-7.04900,0.10600,-6.94000,0.08800,-7.01400,0.15300,-7.15000,0.12100,-7.03500,0.13800,-6.95800,0.11600,-6.98100,0.10300,-7.00200,0.12200,-7.02900,0.15200,0
-2.97500,140.02500,PapuaNewGuinea,-7.34100,0.09900,-9999.00000,-9999.00000,-7.59100,0.57200,-7.33700,0.07500,-7.58700,0.09500,-7.35300,0.14400,-7.33400,0.07900,-7.31500,0.09800,-9999.00000,-9999.00000,-7.92300,0.16400,-7.91100,0.21900,-7.96900,0.25700,-7.80800,0.21000,-7.87800,0.18700,-7.99100,0.22200,-7.96900,0.23400,-7.97300,0.22800,-7.98300,0.18400,-7.94000,0.18600,-7.05000,0.10700,-7.16600,0.14200,-7.07300,0.10300,-7.03100,0.13100,-7.09700,0.13000,-7.06400,0.12100,-6.96800,0.09900,-7.03000,0.13800,-7.16500,0.12400,-7.08300,0.14200,-6.96600,0.12200,-6.98400,0.11100,-7.03500,0.12200,-7.02700,0.16400,0
-2.97500,140.07500,PapuaNewGuinea,-7.35700,0.09700,-9999.00000,-9999.00000,-7.63000,0.64200,-7.34700,0.07000,-7.58800,0.10300,-7.36200,0.15900,-7.33800,0.07400,-7.31400,0.08900,-9999.00000,-9999.00000,-7.93300,0.17100,-7.89400,0.22000,-7.96800,0.24100,-7.84000,0.21300,-7.86300,0.19400,-8.02000,0.23100,-7.96900,0.24400,-7.99900,0.24700,-7.97900,0.16900,-7.93200,0.18200,-7.07100,0.10600,-7.18800,0.13500,-7.08100,0.09800,-7.05600,0.11500,-7.12300,0.13000,-7.09400,0.12800,-7.01000,0.10900,-7.06400,0.12000,-7.19800,0.12400,-7.12500,0.14600,-6.99100,0.12400,-7.00300,0.11800,-7.06600,0.11700,-7.04000,0.17100,0
-2.97500,140.12500,PapuaNewGuinea,-7.37700,0.08900,-9999.00000,-9999.00000,-7.67500,0.74200,-7.35100,0.05700,-7.58300,0.10200,-7.35700,0.15000,-7.34600,0.06800,-7.30700,0.06600,-9999.00000,-9999.00000,-7.89900,0.16900,-7.85600,0.19800,-7.95900,0.21600,-7.86400,0.21900,-7.83600,0.20000,-8.02500,0.23200,-7.95900,0.24200,-7.99500,0.27400,-7.95000,0.16500,-7.90900,0.18600,-7.09700,0.12100,-7.19300,0.11600,-7.08900,0.09800,-7.09200,0.10900,-7.14600,0.13000,-7.12700,0.12600,-7.05300,0.11600,-7.10000,0.11100,-7.24200,0.12500,-7.15900,0.14200,-7.03200,0.12100,-7.03000,0.12300,-7.09700,0.11500,-7.07100,0.17500,0
-2.97500,140.17500,PapuaNewGuinea,-7.38500,0.08600,-9999.00000,-9999.00000,-7.69500,0.78900,-7.35100,0.05300,-7.57900,0.10100,-7.35100,0.14200,-7.35000,0.06700,-7.30400,0.05800,-9999.00000,-9999.00000,-7.84900,0.17900,-7.80200,0.20100,-7.92000,0.18700,-7.85600,0.22500,-7.78600,0.21200,-7.98600,0.22100,-7.92600,0.22500,-7.98700,0.28700,-7.90200,0.17200,-7.87300,0.19000,-7.10500,0.13700,-7.19400,0.10500,-7.09900,0.10100,-7.12400,0.12000,-7.17200,0.13100,-7.16000,0.12200,-7.08900,0.12200,-7.12600,0.10600,-7.27600,0.13100,-7.18300,0.13300,-7.08400,0.11400,-7.06300,0.12200,-7.13200,0.11000,-7.10500,0.16900,0
-2.97500,140.22500,PapuaNewGuinea,-7.39000,0.08300,-9999.00000,-9999.00000,-7.73000,0.88400,-7.33800,0.05100,-7.55800,0.09600,-7.32700,0.11600,-7.35500,0.07100,-7.29500,0.05500,-9999.00000,-9999.00000,-7.79000,0.19300,-7.76100,0.24400,-7.86400,0.17500,-7.82000,0.22900,-7.74800,0.21600,-7.93200,0.21000,-7.87700,0.21100,-7.95400,0.30900,-7.86200,0.20600,-7.82900,0.21600,-7.10300,0.14900,-7.18800,0.10000,-7.10700,0.11100,-7.13900,0.12400,-7.20300,0.13100,-7.17900,0.12500,-7.10200,0.12100,-7.13600,0.10900,-7.28600,0.13800,-7.20100,0.12300,-7.12100,0.10700,-7.09600,0.11600,-7.14800,0.10100,-7.12200,0.15700,0
-2.97500,140.27500,PapuaNewGuinea,-7.39000,0.09000,-9999.00000,-9999.00000,-7.74000,0.92100,-7.33000,0.05400,-7.55100,0.09600,-7.31700,0.10800,-7.36200,0.07700,-7.30400,0.06600,-9999.00000,-9999.00000,-7.74400,0.19300,-7.70400,0.27400,-7.79000,0.18800,-7.77000,0.21600,-7.72900,0.20400,-7.87800,0.20500,-7.83100,0.20400,-7.91300,0.30700,-7.84100,0.22800,-7.78000,0.22800,-7.09900,0.14800,-7.18500,0.09700,-7.11200,0.11900,-7.13700,0.12000,-7.22500,0.12800,-7.18700,0.12500,-7.09800,0.11300,-7.13500,0.11300,-7.28300,0.13500,-7.20600,0.11900,-7.13800,0.10300,-7.11800,0.10300,-7.14200,0.09400,-7.12700,0.15200,0
-3.02500,139.77500,PapuaNewGuinea,-7.31100,0.10100,-9999.00000,-9999.00000,-7.40400,0.36200,-7.31100,0.03800,-7.55300,0.05000,-7.25000,0.10100,-7.30900,0.10700,-7.24300,0.21700,-9999.00000,-9999.00000,-7.79600,0.15800,-7.72400,0.21300,-7.83200,0.26600,-7.78400,0.20700,-7.69900,0.16500,-7.81100,0.20300,-7.75700,0.28000,-7.75900,0.13600,-7.84200,0.25900,-7.84500,0.19000,-6.94400,0.11400,-7.08800,0.10500,-7.02500,0.09900,-6.96000,0.13400,-7.07900,0.09400,-7.05500,0.10900,-6.98400,0.09700,-7.00300,0.09700,-7.13200,0.08700,-7.03000,0.11300,-7.01000,0.09700,-7.02200,0.09700,-6.96700,0.09200,-6.97000,0.14500,0
-3.02500,139.82500,PapuaNewGuinea,-7.32700,0.09600,-9999.00000,-9999.00000,-7.46000,0.38300,-7.33200,0.04500,-7.57700,0.05700,-7.27300,0.09100,-7.31000,0.11700,-7.28100,0.15100,-9999.00000,-9999.00000,-7.80200,0.17900,-7.75400,0.22300,-7.84200,0.24900,-7.77600,0.19700,-7.73200,0.17900,-7.82400,0.22000,-7.78900,0.26000,-7.79900,0.13200,-7.83600,0.27500,-7.86700,0.19200,-6.95900,0.10500,-7.10500,0.11300,-7.02700,0.10500,-6.96900,0.13400,-7.09100,0.08700,-7.05600,0.10000,-6.97400,0.08900,-7.00400,0.10600,-7.13600,0.09400,-7.02500,0.12800,-7.00500,0.08900,-7.01700,0.11500,-6.95500,0.10200,-6.98200,0.14300,0
-3.02500,139.87500,PapuaNewGuinea,-7.34300,0.09400,-9999.00000,-9999.00000,-7.50500,0.42000,-7.35200,0.05500,-7.59700,0.06700,-7.30500,0.08800,-7.32400,0.11200,-7.31400,0.13200,-9999.00000,-9999.00000,-7.81500,0.20300,-7.81500,0.22700,-7.86600,0.22900,-7.77000,0.19700,-7.77100,0.18500,-7.86400,0.23200,-7.82600,0.24700,-7.84700,0.14600,-7.86400,0.29500,-7.87400,0.19300,-6.97800,0.09700,-7.11800,0.11700,-7.03700,0.11300,-6.98800,0.14600,-7.09500,0.08900,-7.05800,0.09800,-6.95600,0.08300,-7.00800,0.12000,-7.13800,0.10600,-7.01900,0.13600,-6.99000,0.09800,-7.00900,0.12000,-6.95000,0.11800,-6.99400,0.13700,0
-3.02500,139.92500,PapuaNewGuinea,-7.35500,0.09300,-9999.00000,-9999.00000,-7.54000,0.44800,-7.36700,0.06300,-7.61200,0.07500,-7.33000,0.08700,-7.33500,0.10900,-7.34000,0.11800,-9999.00000,-9999.00000,-7.84600,0.22400,-7.87700,0.21000,-7.89400,0.21900,-7.77000,0.20400,-7.81400,0.19500,-7.90400,0.22000,-7.87900,0.24200,-7.88600,0.18500,-7.91300,0.26400,-7.88900,0.20100,-7.00000,0.09700,-7.13400,0.12100,-7.05200,0.11600,-7.00500,0.15300,-7.09500,0.11200,-7.05900,0.09800,-6.94100,0.08100,-7.00400,0.13800,-7.13900,0.11300,-7.02100,0.14000,-6.97000,0.11600,-6.99800,0.11400,-6.96200,0.13000,-7.00000,0.13800,0
-3.02500,139.97500,PapuaNewGuinea,-7.37000,0.09300,-9999.00000,-9999.00000,-7.61500,0.53800,-7.38500,0.07200,-7.62600,0.09100,-7.37500,0.10900,-7.35500,0.09200,-7.37100,0.10900,-9999.00000,-9999.00000,-7.89100,0.21600,-7.92000,0.19300,-7.93700,0.24700,-7.78900,0.20300,-7.84700,0.19400,-7.96700,0.20600,-7.93000,0.23600,-7.94100,0.23100,-7.95700,0.22500,-7.91600,0.20200,-7.04400,0.10800,-7.16600,0.13400,-7.06900,0.11000,-7.02200,0.14800,-7.10300,0.13400,-7.05800,0.10300,-6.95400,0.08800,-7.00500,0.14700,-7.14900,0.11600,-7.04600,0.13900,-6.95800,0.12700,-6.99300,0.11200,-6.99100,0.13400,-7.00300,0.14600,0
-3.02500,140.02500,PapuaNewGuinea,-7.37800,0.09300,-9999.00000,-9999.00000,-7.63800,0.57300,-7.39300,0.07000,-7.63100,0.09500,-7.38600,0.12200,-7.36300,0.08700,-7.37600,0.10200,-9999.00000,-9999.00000,-7.93300,0.20100,-7.94300,0.20200,-7.96000,0.25300,-7.82700,0.20100,-7.86400,0.19900,-8.00700,0.21800,-7.95300,0.23200,-7.99700,0.25900,-7.97400,0.19400,-7.93500,0.19900,-7.08000,0.10900,-7.19500,0.13800,-7.08700,0.10200,-7.04300,0.14400,-7.12200,0.14000,-7.07600,0.11400,-6.99000,0.09600,-7.02900,0.13800,-7.17000,0.11900,-7.09400,0.13500,-6.96700,0.13100,-7.00000,0.11300,-7.02800,0.14100,-7.00800,0.15200,0
-3.02500,140.07500,PapuaNewGuinea,-7.39100,0.09300,-9999.00000,-9999.00000,-7.67600,0.63400,-7.40600,0.06600,-7.63800,0.10300,-7.40500,0.14400,-7.37800,0.07700,-7.38300,0.08900,-9999.00000,-9999.00000,-7.95700,0.19300,-7.93000,0.20900,-7.97000,0.23000,-7.86900,0.20600,-7.87000,0.21000,-8.05300,0.23600,-7.96700,0.23600,-8.03100,0.27200,-7.97200,0.18000,-7.94500,0.21000,-7.10600,0.11000,-7.22200,0.12600,-7.10200,0.10000,-7.07200,0.13500,-7.14400,0.13500,-7.11000,0.12200,-7.03100,0.10100,-7.06500,0.12100,-7.19900,0.11900,-7.13500,0.14500,-6.99200,0.12800,-7.02200,0.11600,-7.06300,0.14000,-7.03100,0.15500,0
-3.02500,140.12500,PapuaNewGuinea,-7.41000,0.08400,-9999.00000,-9999.00000,-7.71300,0.71500,-7.41100,0.05200,-7.63900,0.09900,-7.41000,0.14800,-7.39100,0.07000,-7.37700,0.06400,-9999.00000,-9999.00000,-7.94700,0.19500,-7.90100,0.20400,-7.97300,0.20400,-7.90100,0.22100,-7.86200,0.21800,-8.07200,0.23900,-7.97200,0.24300,-8.04200,0.27800,-7.94700,0.16600,-7.94700,0.21100,-7.12000,0.11800,-7.24000,0.11100,-7.11600,0.10000,-7.10900,0.12600,-7.16700,0.13300,-7.15000,0.12200,-7.06700,0.10700,-7.11100,0.11100,-7.23000,0.12100,-7.16800,0.14600,-7.03300,0.12000,-7.05300,0.12100,-7.09500,0.13700,-7.06600,0.15800,0
-3.02500,140.17500,PapuaNewGuinea,-7.41800,0.08100,-9999.00000,-9999.00000,-7.73100,0.75700,-7.40900,0.04700,-7.63600,0.09600,-7.40800,0.14700,-7.39600,0.06800,-7.37300,0.05400,-9999.00000,-9999.00000,-7.90200,0.19000,-7.85200,0.19600,-7.93800,0.17700,-7.92200,0.23100,-7.84900,0.21700,-8.03800,0.24400,-7.95300,0.23900,-8.03800,0.29500,-7.91100,0.17100,-7.91700,0.20500,-7.11500,0.13200,-7.23900,0.11100,-7.12500,0.10500,-7.13700,0.12600,-7.19800,0.13700,-7.18300,0.12400,-7.09300,0.11200,-7.14200,0.10600,-7.26900,0.12500,-7.20000,0.13400,-7.08900,0.10900,-7.09400,0.12400,-7.12600,0.12800,-7.10400,0.15700,0
-3.02500,140.22500,PapuaNewGuinea,-7.42200,0.07600,-9999.00000,-9999.00000,-7.76300,0.85600,-7.39100,0.04500,-7.61500,0.09100,-7.38300,0.12500,-7.39800,0.07200,-7.35400,0.05200,-9999.00000,-9999.00000,-7.85600,0.19900,-7.80300,0.21900,-7.88300,0.18000,-7.90600,0.22400,-7.81900,0.20300,-7.98500,0.23600,-7.91600,0.23100,-8.02400,0.31600,-7.87600,0.20300,-7.89700,0.22300,-7.11100,0.14200,-7.23200,0.11000,-7.12600,0.11100,-7.15300,0.12900,-7.22900,0.14100,-7.20200,0.12900,-7.10300,0.10800,-7.15300,0.10700,-7.29500,0.12500,-7.21700,0.12200,-7.12800,0.10400,-7.12900,0.11400,-7.14200,0.11200,-7.12900,0.14900,0
-3.02500,140.27500,PapuaNewGuinea,-7.41600,0.07700,-9999.00000,-9999.00000,-7.77000,0.89200,-7.37700,0.05000,-7.60200,0.09200,-7.36800,0.11700,-7.39900,0.07600,-7.35100,0.06200,-9999.00000,-9999.00000,-7.82200,0.20300,-7.76100,0.24300,-7.81900,0.18300,-7.85600,0.21200,-7.78800,0.18100,-7.92100,0.20900,-7.87300,0.22200,-7.98200,0.31900,-7.86500,0.23200,-7.84400,0.24200,-7.11500,0.14200,-7.22400,0.10300,-7.12600,0.11300,-7.15100,0.13000,-7.24500,0.14000,-7.21100,0.13100,-7.09700,0.09800,-7.15200,0.10600,-7.29900,0.12000,-7.22000,0.12000,-7.15000,0.10400,-7.14700,0.09700,-7.14000,0.10100,-7.14300,0.14800,0
-3.07500,139.77500,PapuaNewGuinea,-7.32100,0.09300,-9999.00000,-9999.00000,-7.40700,0.36400,-7.32600,0.03800,-7.56000,0.04800,-7.25700,0.09300,-7.31300,0.10500,-7.26200,0.21300,-9999.00000,-9999.00000,-7.81200,0.16800,-7.73100,0.23900,-7.83400,0.23500,-7.77600,0.18200,-7.70600,0.15700,-7.82200,0.20600,-7.77200,0.28100,-7.78000,0.14900,-7.85900,0.24300,-7.85900,0.18700,-6.94500,0.11600,-7.06900,0.10900,-7.02600,0.09100,-6.94900,0.13900,-7.06000,0.09100,-7.05400,0.10600,-6.97900,0.10600,-6.99300,0.08300,-7.12300,0.09700,-7.02100,0.11600,-6.99800,0.09800,-7.01400,0.09900,-6.94900,0.10600,-6.96500,0.13400,0
-3.07500,139.82500,PapuaNewGuinea,-7.33300,0.08900,-9999.00000,-9999.00000,-7.46000,0.38300,-7.34600,0.04500,-7.58000,0.05300,-7.27300,0.08000,-7.30900,0.11600,-7.29700,0.15800,-9999.00000,-9999.00000,-7.81600,0.17900,-7.76300,0.23400,-7.83000,0.21600,-7.76000,0.16200,-7.72000,0.17800,-7.81300,0.22300,-7.79500,0.25800,-7.80800,0.15100,-7.85400,0.27300,-7.86700,0.18300,-6.96000,0.10200,-7.09000,0.11400,-7.02600,0.09900,-6.95400,0.14200,-7.07300,0.09000,-7.05400,0.10400,-6.96900,0.09400,-6.99300,0.09100,-7.11900,0.10900,-7.02200,0.12900,-6.99400,0.08900,-7.01200,0.11600,-6.94500,0.11300,-6.97600,0.13500,0
-3.07500,139.87500,PapuaNewGuinea,-7.34400,0.08800,-9999.00000,-9999.00000,-7.50000,0.41000,-7.36500,0.05500,-7.59800,0.06300,-7.30200,0.07600,-7.32200,0.11200,-7.32900,0.14200,-9999.00000,-9999.00000,-7.82700,0.19900,-7.81400,0.23100,-7.84900,0.21400,-7.75400,0.16300,-7.74500,0.19600,-7.84600,0.22800,-7.82000,0.24600,-7.85100,0.16700,-7.87400,0.28100,-7.87000,0.19500,-6.97700,0.09600,-7.10600,0.11500,-7.03500,0.10800,-6.97900,0.14000,-7.08700,0.10100,-7.06000,0.10600,-6.95600,0.08900,-6.99500,0.10100,-7.12300,0.11600,-7.01900,0.14000,-6.98300,0.09800,-7.01100,0.12400,-6.94800,0.12700,-6.98300,0.13600,0
-3.07500,139.92500,PapuaNewGuinea,-7.35300,0.08800,-9999.00000,-9999.00000,-7.53100,0.43100,-7.38000,0.06200,-7.61200,0.07000,-7.32600,0.07200,-7.33200,0.10900,-7.35500,0.12900,-9999.00000,-9999.00000,-7.85000,0.22300,-7.87500,0.22200,-7.87600,0.23100,-7.76400,0.18800,-7.77800,0.20400,-7.88500,0.21100,-7.85700,0.23400,-7.89600,0.20400,-7.91100,0.27700,-7.87300,0.20900,-6.99700,0.10200,-7.12700,0.11700,-7.05500,0.11300,-7.00600,0.13600,-7.10200,0.13000,-7.06700,0.10700,-6.95200,0.09000,-6.99500,0.11700,-7.13500,0.11600,-7.02100,0.14600,-6.97100,0.11600,-7.01000,0.12300,-6.96400,0.13900,-6.98600,0.14100,0
-3.07500,139.97500,PapuaNewGuinea,-7.36300,0.09000,-9999.00000,-9999.00000,-7.60000,0.50100,-7.39900,0.07100,-7.62800,0.08600,-7.37000,0.09700,-7.35300,0.09100,-7.39200,0.11700,-9999.00000,-9999.00000,-7.89500,0.23500,-7.92700,0.19000,-7.90800,0.24900,-7.79100,0.22000,-7.80500,0.20900,-7.95000,0.18900,-7.88600,0.23500,-7.95600,0.24900,-7.94200,0.25800,-7.90100,0.21600,-7.04400,0.11100,-7.17600,0.13200,-7.08300,0.11000,-7.03300,0.13200,-7.12600,0.14700,-7.07900,0.10400,-6.97500,0.09400,-7.01100,0.13200,-7.15600,0.11300,-7.05300,0.14200,-6.97100,0.13100,-7.01900,0.11700,-6.99500,0.14300,-6.99400,0.14700,0
-3.07500,140.02500,PapuaNewGuinea,-7.37100,0.09000,-9999.00000,-9999.00000,-7.62300,0.53300,-7.40700,0.07000,-7.63300,0.09000,-7.38400,0.11000,-7.36300,0.08400,-7.40000,0.10900,-9999.00000,-9999.00000,-7.93100,0.22200,-7.95300,0.18800,-7.94800,0.24700,-7.83900,0.21600,-7.83900,0.20800,-7.99800,0.19100,-7.91500,0.22900,-8.01500,0.28000,-7.95400,0.22600,-7.93100,0.21500,-7.10400,0.11300,-7.21400,0.12900,-7.11500,0.10600,-7.07100,0.14100,-7.15100,0.14800,-7.10600,0.10700,-7.01500,0.09600,-7.04600,0.13000,-7.17800,0.11000,-7.10200,0.13400,-6.98600,0.13300,-7.04200,0.11100,-7.03400,0.14600,-7.01500,0.14700,0
-3.07500,140.07500,PapuaNewGuinea,-7.38500,0.08800,-9999.00000,-9999.00000,-7.66300,0.59000,-7.42100,0.06800,-7.64300,0.09800,-7.40700,0.13500,-7.38200,0.07200,-7.41200,0.09400,-9999.00000,-9999.00000,-7.95400,0.20400,-7.94400,0.19700,-7.97100,0.22000,-7.88200,0.20700,-7.87000,0.21200,-8.05300,0.21000,-7.95200,0.21700,-8.05200,0.28200,-7.95700,0.20300,-7.95600,0.22600,-7.12900,0.11500,-7.24700,0.12000,-7.14700,0.10500,-7.10700,0.14400,-7.17200,0.14000,-7.14400,0.11400,-7.05700,0.09800,-7.08800,0.11600,-7.19800,0.11100,-7.15000,0.13800,-7.01600,0.12300,-7.06700,0.10700,-7.06800,0.14700,-7.04600,0.14500,0
-3.07500,140.12500,PapuaNewGuinea,-7.40700,0.08100,-9999.00000,-9999.00000,-7.70900,0.68000,-7.42600,0.05700,-7.64600,0.09500,-7.41600,0.14300,-7.39900,0.06200,-7.40900,0.06900,-9999.00000,-9999.00000,-7.96200,0.19800,-7.93100,0.19500,-7.97300,0.17800,-7.91900,0.20700,-7.89100,0.21700,-8.08200,0.22600,-7.97100,0.23600,-8.07200,0.28900,-7.94500,0.18400,-7.97200,0.23200,-7.13200,0.12200,-7.27200,0.11600,-7.16900,0.11000,-7.13100,0.13200,-7.19200,0.13500,-7.17600,0.12000,-7.08300,0.10000,-7.13500,0.10200,-7.21800,0.11700,-7.19200,0.14200,-7.05900,0.11000,-7.09800,0.11000,-7.09700,0.14400,-7.08000,0.14700,0
-3.07500,140.17500,PapuaNewGuinea,-7.41600,0.07700,-9999.00000,-9999.00000,-7.73100,0.72700,-7.42600,0.05300,-7.64500,0.09300,-7.41700,0.14400,-7.40500,0.05800,-7.40500,0.06000,-9999.00000,-9999.00000,-7.93100,0.21000,-7.88300,0.18500,-7.95500,0.15400,-7.96100,0.21700,-7.89500,0.22000,-8.05800,0.24100,-7.97200,0.25300,-8.07600,0.30600,-7.92300,0.18800,-7.96400,0.23200,-7.12600,0.13000,-7.28000,0.11600,-7.17200,0.11800,-7.14500,0.12200,-7.21700,0.13900,-7.20300,0.12500,-7.09600,0.10200,-7.16400,0.09900,-7.25000,0.12500,-7.22600,0.13300,-7.10500,0.10100,-7.13700,0.11400,-7.12100,0.13400,-7.11100,0.14700,0
-3.07500,140.22500,PapuaNewGuinea,-7.42700,0.07100,-9999.00000,-9999.00000,-7.77100,0.83100,-7.41100,0.05200,-7.62800,0.08600,-7.39700,0.12800,-7.40800,0.06000,-7.38600,0.06000,-9999.00000,-9999.00000,-7.90300,0.20700,-7.84200,0.19000,-7.91600,0.16400,-7.95500,0.20400,-7.87700,0.19500,-8.01600,0.24800,-7.95500,0.26200,-8.07100,0.32300,-7.90100,0.19900,-7.93900,0.24000,-7.12000,0.13200,-7.27200,0.11000,-7.16500,0.11600,-7.15100,0.12300,-7.24300,0.14100,-7.22200,0.12700,-7.09700,0.09800,-7.16900,0.10300,-7.27900,0.12600,-7.23600,0.12800,-7.13200,0.10100,-7.16200,0.10700,-7.13300,0.11800,-7.13400,0.14200,0
-3.07500,140.27500,PapuaNewGuinea,-7.42500,0.07200,-9999.00000,-9999.00000,-7.78200,0.87300,-7.39700,0.05600,-7.61800,0.08900,-7.38200,0.11900,-7.40700,0.06200,-7.38000,0.06800,-9999.00000,-9999.00000,-7.87100,0.20400,-7.81100,0.20400,-7.86400,0.17500,-7.91200,0.18700,-7.83600,0.16600,-7.95900,0.21500,-7.92100,0.24600,-8.04000,0.31800,-7.89900,0.21800,-7.90300,0.26000,-7.11900,0.12900,-7.25500,0.10000,-7.16000,0.11300,-7.14800,0.13200,-7.25600,0.13900,-7.22700,0.12700,-7.08800,0.08800,-7.16400,0.10300,-7.28900,0.12100,-7.22800,0.12900,-7.14800,0.10200,-7.16800,0.09200,-7.13400,0.10400,-7.14900,0.14000,0
-3.12500,139.77500,PapuaNewGuinea,-7.32900,0.08700,-9999.00000,-9999.00000,-7.41100,0.36500,-7.33900,0.03800,-7.56500,0.04700,-7.26400,0.08700,-7.31700,0.10300,-7.27800,0.20900,-9999.00000,-9999.00000,-7.83400,0.18000,-7.74700,0.25800,-7.85300,0.21900,-7.77900,0.17900,-7.74400,0.15300,-7.84400,0.20900,-7.82200,0.28200,-7.80300,0.15600,-7.90200,0.24400,-7.87400,0.16200,-6.96500,0.11300,-7.07300,0.12000,-7.04700,0.08200,-6.95400,0.14000,-7.06900,0.09600,-7.07900,0.10200,-6.97900,0.11900,-7.00100,0.07000,-7.12800,0.10700,-7.02100,0.11200,-6.99100,0.09500,-7.02300,0.10000,-6.95600,0.12000,-6.97200,0.12700,0
-3.12500,139.82500,PapuaNewGuinea,-7.33700,0.08300,-9999.00000,-9999.00000,-7.46000,0.38400,-7.35800,0.04500,-7.58300,0.05000,-7.27300,0.07100,-7.30800,0.11500,-7.31000,0.16300,-9999.00000,-9999.00000,-7.83000,0.18000,-7.78100,0.25500,-7.83900,0.20700,-7.75700,0.13100,-7.72200,0.16900,-7.82400,0.21000,-7.82600,0.26200,-7.82100,0.15400,-7.88900,0.25800,-7.87400,0.18000,-6.97900,0.10400,-7.08700,0.11700,-7.04400,0.09400,-6.95900,0.13800,-7.07900,0.09900,-7.07100,0.10300,-6.97300,0.10600,-6.99600,0.07500,-7.12200,0.11800,-7.02300,0.12400,-6.98800,0.09000,-7.02100,0.11900,-6.95400,0.12300,-6.97900,0.13000,0
-3.12500,139.87500,PapuaNewGuinea,-7.34400,0.08400,-9999.00000,-9999.00000,-7.49500,0.40200,-7.37500,0.05400,-7.59900,0.05900,-7.30000,0.06500,-7.32000,0.11200,-7.34100,0.14900,-9999.00000,-9999.00000,-7.83900,0.18800,-7.81200,0.23700,-7.84300,0.21400,-7.75900,0.12900,-7.72200,0.19300,-7.83600,0.20200,-7.83700,0.24500,-7.85500,0.17000,-7.89900,0.26400,-7.87100,0.20400,-6.99300,0.10100,-7.10500,0.12100,-7.05000,0.10300,-6.98500,0.12800,-7.09700,0.11000,-7.07100,0.10800,-6.97200,0.09400,-6.99400,0.08600,-7.12700,0.12200,-7.02300,0.13600,-6.98200,0.09600,-7.02300,0.12900,-6.96000,0.12900,-6.98200,0.13700,0
-3.12500,139.92500,PapuaNewGuinea,-7.35100,0.08400,-9999.00000,-9999.00000,-7.52500,0.41800,-7.38900,0.06200,-7.61200,0.06700,-7.32200,0.06100,-7.32900,0.11000,-7.36700,0.13800,-9999.00000,-9999.00000,-7.85500,0.21200,-7.86600,0.22000,-7.85400,0.24800,-7.77500,0.16700,-7.75100,0.21100,-7.86400,0.18800,-7.84900,0.22900,-7.89800,0.22000,-7.92200,0.27200,-7.87300,0.22700,-7.00500,0.10500,-7.12900,0.12800,-7.06700,0.10800,-7.01500,0.11300,-7.11700,0.12700,-7.08200,0.11100,-6.97900,0.09200,-6.99700,0.10200,-7.14500,0.12200,-7.02800,0.14800,-6.98200,0.11200,-7.02900,0.12800,-6.97600,0.13700,-6.98800,0.14500,0
-3.12500,139.97500,PapuaNewGuinea,-7.35800,0.08800,-9999.00000,-9999.00000,-7.58800,0.47400,-7.40900,0.07000,-7.62900,0.08200,-7.36600,0.08800,-7.35100,0.09000,-7.40800,0.12300,-9999.00000,-9999.00000,-7.88300,0.23000,-7.91100,0.19600,-7.87900,0.24800,-7.80400,0.22800,-7.78000,0.21400,-7.92400,0.16200,-7.85500,0.23000,-7.95600,0.26100,-7.94200,0.26100,-7.89700,0.22600,-7.04800,0.11200,-7.17100,0.13200,-7.10400,0.10700,-7.05800,0.11100,-7.15300,0.14900,-7.10900,0.10400,-7.00300,0.09200,-7.02200,0.11300,-7.16800,0.11600,-7.06100,0.14400,-6.99900,0.12700,-7.05700,0.12100,-7.00700,0.13900,-7.00500,0.14700,0
-3.12500,140.02500,PapuaNewGuinea,-7.36600,0.08700,-9999.00000,-9999.00000,-7.61300,0.50400,-7.41700,0.07000,-7.63500,0.08700,-7.38100,0.10200,-7.36300,0.08200,-7.41700,0.11400,-9999.00000,-9999.00000,-7.92000,0.22300,-7.93800,0.19800,-7.92300,0.23900,-7.84900,0.22700,-7.83000,0.20900,-7.98000,0.16800,-7.88400,0.22500,-8.00800,0.28500,-7.95000,0.25000,-7.92500,0.22200,-7.10100,0.11800,-7.21600,0.13700,-7.15300,0.10500,-7.10100,0.13300,-7.17600,0.14900,-7.14800,0.10400,-7.04200,0.09300,-7.06600,0.10900,-7.18500,0.10500,-7.10900,0.13100,-7.02700,0.12500,-7.08900,0.11400,-7.04600,0.13800,-7.03800,0.14500,0
-3.12500,140.07500,PapuaNewGuinea,-7.38100,0.08500,-9999.00000,-9999.00000,-7.65400,0.55900,-7.43000,0.07000,-7.64500,0.09500,-7.40800,0.12900,-7.38500,0.06800,-7.43200,0.09700,-9999.00000,-9999.00000,-7.94000,0.21500,-7.93800,0.20500,-7.94700,0.20400,-7.89700,0.20500,-7.87900,0.20600,-8.02500,0.18000,-7.92900,0.21000,-8.05200,0.28400,-7.95500,0.22500,-7.96500,0.23300,-7.12900,0.12000,-7.25200,0.12800,-7.20100,0.10500,-7.13000,0.13600,-7.19500,0.14000,-7.17800,0.11500,-7.07100,0.09300,-7.10600,0.10000,-7.19700,0.10400,-7.16700,0.12400,-7.05900,0.11300,-7.11600,0.11000,-7.08100,0.13900,-7.07900,0.14500,0
-3.12500,140.12500,PapuaNewGuinea,-7.40400,0.07900,-9999.00000,-9999.00000,-7.70500,0.65700,-7.43600,0.06100,-7.65000,0.09200,-7.42000,0.14000,-7.40300,0.05600,-7.42900,0.07300,-9999.00000,-9999.00000,-7.95000,0.21900,-7.92900,0.21100,-7.95200,0.16300,-7.94200,0.18300,-7.91600,0.21600,-8.05800,0.19400,-7.95200,0.22300,-8.08500,0.30400,-7.94500,0.20600,-7.98600,0.25200,-7.13800,0.12500,-7.28400,0.12400,-7.22900,0.11000,-7.14500,0.12400,-7.21100,0.13400,-7.19600,0.12300,-7.09100,0.09200,-7.13800,0.09100,-7.20700,0.11300,-7.21700,0.12800,-7.09300,0.09800,-7.14200,0.10700,-7.10500,0.13700,-7.11000,0.14600,0
-3.12500,140.17500,PapuaNewGuinea,-7.41500,0.07500,-9999.00000,-9999.00000,-7.73100,0.70700,-7.43700,0.05800,-7.65000,0.09000,-7.42200,0.14200,-7.41100,0.05100,-7.42600,0.06400,-9999.00000,-9999.00000,-7.94100,0.22700,-7.90400,0.20700,-7.95600,0.13800,-7.97800,0.18400,-7.94300,0.22000,-8.06300,0.22400,-7.96400,0.24900,-8.09800,0.31400,-7.92700,0.20100,-8.00500,0.26800,-7.13400,0.12600,-7.29900,0.12100,-7.22900,0.12400,-7.15100,0.11200,-7.23100,0.14000,-7.21700,0.12300,-7.09800,0.09400,-7.16500,0.08600,-7.22400,0.12500,-7.24600,0.12900,-7.12100,0.09400,-7.17100,0.10600,-7.12600,0.13100,-7.12700,0.14400,0
-3.12500,140.22500,PapuaNewGuinea,-7.43000,0.06800,-9999.00000,-9999.00000,-7.77500,0.81700,-7.42400,0.05600,-7.63600,0.08400,-7.40500,0.13000,-7.41400,0.05200,-7.40600,0.06600,-9999.00000,-9999.00000,-7.93300,0.22500,-7.86900,0.18500,-7.93000,0.14300,-7.97900,0.17800,-7.92200,0.19900,-8.04400,0.22500,-7.97400,0.26700,-8.09500,0.33200,-7.92100,0.19300,-7.99000,0.27100,-7.12200,0.12200,-7.29300,0.11000,-7.22200,0.12800,-7.14900,0.11500,-7.25100,0.13200,-7.23700,0.12000,-7.09300,0.09300,-7.16800,0.08900,-7.24800,0.13200,-7.24700,0.13200,-7.14200,0.09800,-7.18700,0.10200,-7.13400,0.11500,-7.13900,0.13500,0
-3.12500,140.27500,PapuaNewGuinea,-7.43000,0.06900,-9999.00000,-9999.00000,-7.79000,0.86300,-7.41000,0.06000,-7.62600,0.08800,-7.39000,0.12000,-7.41100,0.05300,-7.39800,0.07100,-9999.00000,-9999.00000,-7.91400,0.21100,-7.84400,0.18600,-7.89700,0.16600,-7.95000,0.15800,-7.88500,0.17100,-7.99700,0.19500,-7.95300,0.25700,-8.07900,0.33000,-7.93400,0.19300,-7.95900,0.27600,-7.11200,0.11700,-7.27100,0.09300,-7.20900,0.12900,-7.14300,0.12900,-7.25900,0.12500,-7.24400,0.11900,-7.08200,0.08800,-7.16200,0.09400,-7.26100,0.13000,-7.22800,0.13900,-7.15300,0.10100,-7.18600,0.09300,-7.13600,0.10100,-7.15100,0.13100,0
-3.17500,139.77500,PapuaNewGuinea,-7.32900,0.07900,-9999.00000,-9999.00000,-7.41200,0.35200,-7.35900,0.04300,-7.57200,0.04400,-7.28500,0.08100,-7.34200,0.09400,-7.30800,0.19500,-9999.00000,-9999.00000,-7.84000,0.17000,-7.79400,0.27100,-7.91000,0.22900,-7.80400,0.20700,-7.78600,0.15000,-7.87100,0.20800,-7.90300,0.27100,-7.85700,0.16000,-7.96500,0.21700,-7.88400,0.14800,-7.01800,0.11600,-7.10400,0.13100,-7.09100,0.09200,-7.00300,0.12900,-7.11200,0.11100,-7.12000,0.09100,-6.99500,0.12900,-7.02200,0.06900,-7.14800,0.10300,-7.03500,0.10100,-7.00400,0.08800,-7.04800,0.10700,-6.98700,0.12400,-6.99100,0.13800,0
-3.17500,139.82500,PapuaNewGuinea,-7.32100,0.07700,-9999.00000,-9999.00000,-7.43700,0.35300,-7.36400,0.04400,-7.57500,0.04200,-7.27000,0.06400,-7.31900,0.10000,-7.32600,0.16800,-9999.00000,-9999.00000,-7.83200,0.17000,-7.80900,0.25300,-7.88200,0.21600,-7.76900,0.14800,-7.74500,0.15900,-7.84300,0.20300,-7.88600,0.25600,-7.84700,0.16200,-7.93600,0.22200,-7.88300,0.18600,-7.02300,0.11100,-7.10400,0.13600,-7.07800,0.09900,-7.00000,0.12900,-7.11300,0.11400,-7.10000,0.09700,-6.98600,0.11100,-7.00700,0.07600,-7.13900,0.11700,-7.03200,0.10900,-6.99300,0.08800,-7.04000,0.12600,-6.98200,0.12600,-6.98700,0.13800,0
-3.17500,139.87500,PapuaNewGuinea,-7.31700,0.07900,-9999.00000,-9999.00000,-7.46200,0.36400,-7.37400,0.05000,-7.58200,0.04800,-7.28700,0.05300,-7.32400,0.09600,-7.35200,0.15300,-9999.00000,-9999.00000,-7.84500,0.17700,-7.82400,0.23000,-7.85800,0.22500,-7.76100,0.13900,-7.73600,0.18000,-7.83400,0.19000,-7.86000,0.22700,-7.85600,0.18400,-7.92700,0.22800,-7.88600,0.20800,-7.02500,0.10600,-7.11500,0.14100,-7.07500,0.10400,-7.01500,0.12000,-7.12400,0.11400,-7.09200,0.10300,-6.99200,0.09300,-7.00100,0.08700,-7.14100,0.12300,-7.03700,0.11900,-6.98800,0.09000,-7.04200,0.13400,-6.98600,0.12500,-6.98500,0.14500,0
-3.17500,139.92500,PapuaNewGuinea,-7.31300,0.08100,-9999.00000,-9999.00000,-7.48300,0.37300,-7.38300,0.05500,-7.58800,0.05300,-7.30200,0.04300,-7.32800,0.09400,-7.37500,0.14000,-9999.00000,-9999.00000,-7.86000,0.19200,-7.85200,0.21500,-7.85800,0.24300,-7.78500,0.16800,-7.73900,0.19200,-7.83900,0.17100,-7.84100,0.20400,-7.87800,0.22100,-7.93500,0.24400,-7.89900,0.22500,-7.03200,0.10200,-7.13400,0.14100,-7.08000,0.11600,-7.04800,0.10100,-7.14300,0.11600,-7.10800,0.10600,-7.00600,0.08900,-7.00900,0.09600,-7.15600,0.12400,-7.05100,0.12900,-6.99900,0.10100,-7.05500,0.13200,-6.99600,0.13000,-6.99400,0.15000,0
-3.17500,139.97500,PapuaNewGuinea,-7.31200,0.09000,-9999.00000,-9999.00000,-7.53900,0.42500,-7.40300,0.06500,-7.60200,0.06400,-7.33700,0.06500,-7.34600,0.07700,-7.42000,0.12300,-9999.00000,-9999.00000,-7.88200,0.20500,-7.89400,0.21900,-7.86400,0.24500,-7.81800,0.21400,-7.77800,0.19800,-7.88200,0.16100,-7.84000,0.21300,-7.92300,0.24300,-7.93600,0.24500,-7.91700,0.23100,-7.05600,0.10600,-7.16100,0.13800,-7.11600,0.11900,-7.09200,0.11700,-7.16800,0.12300,-7.14700,0.10000,-7.03000,0.08600,-7.03900,0.10000,-7.18100,0.11600,-7.08100,0.13000,-7.03200,0.11600,-7.08800,0.12000,-7.02200,0.12900,-7.02300,0.14500,0
-3.17500,140.02500,PapuaNewGuinea,-7.32000,0.09000,-9999.00000,-9999.00000,-7.57000,0.46300,-7.41100,0.06600,-7.60800,0.06900,-7.35100,0.07800,-7.35700,0.07000,-7.43100,0.11400,-9999.00000,-9999.00000,-7.91100,0.22100,-7.92100,0.23200,-7.89400,0.23000,-7.85600,0.22700,-7.83200,0.19900,-7.93600,0.15400,-7.85600,0.20600,-7.96700,0.26600,-7.93800,0.24700,-7.94100,0.23600,-7.09500,0.11000,-7.20600,0.14000,-7.19000,0.10300,-7.12000,0.12500,-7.19200,0.13400,-7.19600,0.10700,-7.05900,0.08300,-7.07900,0.09600,-7.20100,0.10200,-7.12800,0.12100,-7.07700,0.11300,-7.12400,0.11800,-7.07000,0.12100,-7.07500,0.14100,0
-3.17500,140.07500,PapuaNewGuinea,-7.33900,0.08700,-9999.00000,-9999.00000,-7.62800,0.53900,-7.42700,0.06700,-7.61900,0.07800,-7.37700,0.10400,-7.37800,0.05600,-7.44900,0.09800,-9999.00000,-9999.00000,-7.93100,0.22700,-7.92800,0.24200,-7.92000,0.19800,-7.90700,0.21100,-7.88500,0.20700,-7.97300,0.16000,-7.88100,0.19800,-8.00900,0.28700,-7.94400,0.23300,-7.98200,0.24700,-7.13000,0.11600,-7.24900,0.13400,-7.25300,0.09500,-7.14100,0.12500,-7.21000,0.12900,-7.21600,0.11900,-7.08100,0.08300,-7.11300,0.09100,-7.21000,0.09700,-7.19000,0.11600,-7.11700,0.10300,-7.16000,0.11700,-7.11700,0.11800,-7.12800,0.14700,0
-3.17500,140.12500,PapuaNewGuinea,-7.37100,0.07900,-9999.00000,-9999.00000,-7.68100,0.63200,-7.43600,0.06300,-7.62600,0.08000,-7.40000,0.12600,-7.39500,0.04700,-7.45000,0.07800,-9999.00000,-9999.00000,-7.94700,0.24500,-7.93000,0.24700,-7.93900,0.16500,-7.94700,0.17000,-7.92600,0.21700,-8.02300,0.17700,-7.92200,0.19100,-8.04500,0.30000,-7.94200,0.22100,-8.01500,0.25800,-7.14500,0.12000,-7.28900,0.12500,-7.28700,0.10000,-7.15300,0.11500,-7.22900,0.13400,-7.22700,0.12300,-7.09400,0.08600,-7.13800,0.08800,-7.21300,0.10500,-7.23600,0.12400,-7.13900,0.09300,-7.18800,0.10800,-7.14400,0.12100,-7.15100,0.15000,0
-3.17500,140.17500,PapuaNewGuinea,-7.38700,0.07500,-9999.00000,-9999.00000,-7.71000,0.68500,-7.43900,0.06100,-7.62800,0.08100,-7.40900,0.13500,-7.40300,0.04300,-7.44900,0.07000,-9999.00000,-9999.00000,-7.95600,0.25400,-7.91400,0.24200,-7.93500,0.14500,-7.98600,0.15200,-7.96600,0.22100,-8.05400,0.19700,-7.96400,0.21700,-8.08000,0.31100,-7.93600,0.21700,-8.03100,0.27900,-7.14200,0.12000,-7.30700,0.12000,-7.28200,0.11500,-7.15500,0.10600,-7.24700,0.14400,-7.24100,0.11800,-7.10100,0.09100,-7.15000,0.08600,-7.21700,0.11900,-7.25100,0.12800,-7.14900,0.09200,-7.20300,0.10200,-7.15100,0.12100,-7.15300,0.14700,0
-3.17500,140.22500,PapuaNewGuinea,-7.41900,0.07000,-9999.00000,-9999.00000,-7.77400,0.82900,-7.43300,0.06200,-7.62200,0.08300,-7.40500,0.12900,-7.41200,0.04200,-7.43000,0.07100,-9999.00000,-9999.00000,-7.94300,0.24400,-7.88700,0.22400,-7.92000,0.16600,-8.01100,0.17000,-7.97100,0.20900,-8.05000,0.18400,-7.97500,0.24300,-8.08800,0.31400,-7.94900,0.21200,-8.03600,0.28600,-7.11900,0.12300,-7.30500,0.11300,-7.24800,0.13800,-7.15100,0.10900,-7.25700,0.13400,-7.25700,0.10900,-7.09700,0.09200,-7.15400,0.08500,-7.22900,0.13100,-7.24000,0.13900,-7.16000,0.09600,-7.20700,0.09800,-7.14500,0.11100,-7.15000,0.13500,0
-3.17500,140.27500,PapuaNewGuinea,-7.43100,0.07200,-9999.00000,-9999.00000,-7.79600,0.87900,-7.42200,0.06600,-7.61600,0.08800,-7.39500,0.11800,-7.41000,0.04100,-7.42000,0.07600,-9999.00000,-9999.00000,-7.93900,0.23500,-7.86300,0.21500,-7.90600,0.20200,-7.98800,0.16800,-7.94200,0.18800,-8.02900,0.16300,-7.97100,0.25100,-8.08800,0.32600,-7.97800,0.18900,-8.00000,0.28500,-7.10200,0.12200,-7.28600,0.10100,-7.22000,0.14600,-7.13800,0.12700,-7.26200,0.11400,-7.26200,0.10900,-7.08500,0.08900,-7.15200,0.08900,-7.24100,0.13700,-7.22200,0.14900,-7.16900,0.10200,-7.20500,0.09800,-7.14000,0.09800,-7.14700,0.13000,0
-3.22500,139.77500,PapuaNewGuinea,-7.32800,0.07600,-9999.00000,-9999.00000,-7.41700,0.34100,-7.37200,0.04500,-7.57700,0.04200,-7.29800,0.08000,-7.35900,0.08800,-7.32300,0.19400,-9999.00000,-9999.00000,-7.85200,0.16700,-7.84200,0.26700,-7.95200,0.21300,-7.84200,0.22500,-7.81900,0.17000,-7.92400,0.20800,-7.97500,0.25800,-7.89800,0.15700,-8.01100,0.19700,-7.90500,0.16700,-7.06200,0.11300,-7.14200,0.13500,-7.12700,0.10100,-7.03600,0.13100,-7.15500,0.12300,-7.16100,0.07700,-7.01600,0.12200,-7.04700,0.08400,-7.17200,0.11100,-7.05600,0.09800,-7.03700,0.08700,-7.07900,0.10800,-7.02300,0.11700,-7.01700,0.17200,0
-3.22500,139.82500,PapuaNewGuinea,-7.31200,0.07500,-9999.00000,-9999.00000,-7.43200,0.34000,-7.36800,0.04500,-7.57300,0.04000,-7.27500,0.06200,-7.33000,0.09100,-7.33200,0.17200,-9999.00000,-9999.00000,-7.85100,0.15500,-7.83600,0.24700,-7.92100,0.21100,-7.80400,0.18100,-7.77900,0.15900,-7.87400,0.19900,-7.93700,0.25000,-7.87200,0.17500,-7.98100,0.18900,-7.90900,0.20000,-7.05000,0.11400,-7.13000,0.14200,-7.10500,0.10600,-7.02700,0.12700,-7.14500,0.12200,-7.12700,0.08700,-6.99900,0.10300,-7.02100,0.09200,-7.16000,0.12300,-7.04500,0.10000,-7.01200,0.08800,-7.05900,0.12400,-7.00700,0.12100,-7.00100,0.16200,0
-3.22500,139.87500,PapuaNewGuinea,-7.30400,0.07800,-9999.00000,-9999.00000,-7.45200,0.34900,-7.37300,0.04900,-7.57600,0.04400,-7.28500,0.05000,-7.33000,0.08800,-7.35400,0.15400,-9999.00000,-9999.00000,-7.85600,0.16400,-7.84100,0.23200,-7.88500,0.22200,-7.79300,0.16400,-7.76300,0.16700,-7.84400,0.19200,-7.88300,0.22900,-7.85400,0.18500,-7.95800,0.18700,-7.90400,0.21800,-7.04200,0.10500,-7.12800,0.14700,-7.08600,0.11400,-7.03000,0.12100,-7.14400,0.11400,-7.10900,0.09300,-6.99800,0.09100,-7.01000,0.09100,-7.14900,0.12400,-7.04800,0.10100,-7.00400,0.08900,-7.05600,0.13400,-6.99900,0.12100,-6.98800,0.15500,0
-3.22500,139.92500,PapuaNewGuinea,-7.29600,0.08100,-9999.00000,-9999.00000,-7.47000,0.35800,-7.37800,0.05200,-7.57800,0.04700,-7.29400,0.03900,-7.33100,0.08500,-7.37500,0.13900,-9999.00000,-9999.00000,-7.86200,0.17100,-7.85200,0.21800,-7.87600,0.21700,-7.79400,0.17300,-7.76000,0.17200,-7.83100,0.18000,-7.83700,0.20600,-7.85500,0.20500,-7.94100,0.20400,-7.91400,0.23000,-7.03700,0.09300,-7.12700,0.14500,-7.08700,0.12400,-7.05400,0.11400,-7.15000,0.10500,-7.12100,0.09500,-7.01000,0.09000,-7.01900,0.09000,-7.15600,0.12400,-7.06400,0.10700,-7.01300,0.09700,-7.06700,0.13400,-7.00300,0.11900,-6.99200,0.15100,0
-3.22500,139.97500,PapuaNewGuinea,-7.29200,0.09100,-9999.00000,-9999.00000,-7.52600,0.42000,-7.39500,0.06000,-7.58900,0.05700,-7.32300,0.05700,-7.34600,0.07100,-7.41700,0.12000,-9999.00000,-9999.00000,-7.88000,0.19800,-7.87800,0.24100,-7.87100,0.22300,-7.81500,0.20100,-7.78500,0.17100,-7.85600,0.16400,-7.81800,0.19400,-7.88700,0.23300,-7.92900,0.23200,-7.93300,0.25200,-7.05100,0.09100,-7.14100,0.14100,-7.11900,0.13300,-7.08900,0.11900,-7.16600,0.10400,-7.16000,0.09300,-7.03500,0.08700,-7.04700,0.09300,-7.18100,0.11000,-7.09500,0.11600,-7.05200,0.10500,-7.09000,0.12300,-7.02800,0.11600,-7.03000,0.14400,0
-3.22500,140.02500,PapuaNewGuinea,-7.30000,0.09100,-9999.00000,-9999.00000,-7.55700,0.46300,-7.40400,0.06100,-7.59400,0.06200,-7.33700,0.07000,-7.35600,0.06500,-7.42800,0.11200,-9999.00000,-9999.00000,-7.90900,0.22500,-7.90200,0.26900,-7.87600,0.22400,-7.84300,0.22100,-7.82900,0.17000,-7.90000,0.15200,-7.82400,0.19000,-7.92700,0.25600,-7.92300,0.24400,-7.97200,0.25400,-7.08900,0.09400,-7.18400,0.13400,-7.18000,0.12900,-7.11700,0.12600,-7.18900,0.11300,-7.20800,0.11000,-7.06400,0.07800,-7.08300,0.09500,-7.20600,0.10400,-7.14300,0.11600,-7.10500,0.10600,-7.12600,0.11800,-7.07500,0.11900,-7.09400,0.14300,0
-3.22500,140.07500,PapuaNewGuinea,-7.32000,0.08800,-9999.00000,-9999.00000,-7.61900,0.55100,-7.42000,0.06400,-7.60400,0.07100,-7.36300,0.09700,-7.37700,0.05400,-7.44700,0.09600,-9999.00000,-9999.00000,-7.92400,0.24700,-7.90200,0.27000,-7.89200,0.20200,-7.89600,0.20900,-7.88800,0.18800,-7.93900,0.14300,-7.85000,0.17800,-7.96100,0.28200,-7.93500,0.24100,-8.01200,0.26400,-7.12700,0.10100,-7.24000,0.13000,-7.25500,0.11000,-7.13900,0.12500,-7.21900,0.12700,-7.23800,0.12100,-7.08500,0.07700,-7.11800,0.09300,-7.22500,0.09900,-7.20300,0.11900,-7.15300,0.10300,-7.17600,0.11800,-7.13100,0.12200,-7.14800,0.14500,0
-3.22500,140.12500,PapuaNewGuinea,-7.35300,0.08000,-9999.00000,-9999.00000,-7.67100,0.64300,-7.42900,0.06200,-7.60900,0.07500,-7.38700,0.12000,-7.39200,0.04600,-7.44800,0.07900,-9999.00000,-9999.00000,-7.94400,0.25800,-7.91400,0.27100,-7.91600,0.18200,-7.93500,0.18000,-7.93500,0.20900,-7.98600,0.16400,-7.89300,0.17200,-8.00300,0.30800,-7.94200,0.22200,-8.04100,0.26100,-7.15100,0.10600,-7.28600,0.12100,-7.29100,0.10800,-7.15300,0.11700,-7.24800,0.14200,-7.26200,0.12200,-7.10000,0.08200,-7.14600,0.09000,-7.23200,0.10300,-7.23900,0.12200,-7.17800,0.10300,-7.21700,0.11300,-7.15900,0.11700,-7.17200,0.15000,0
-3.22500,140.17500,PapuaNewGuinea,-7.37000,0.07600,-9999.00000,-9999.00000,-7.69900,0.69500,-7.43200,0.06100,-7.61000,0.07800,-7.39700,0.12900,-7.40000,0.04300,-7.44600,0.07200,-9999.00000,-9999.00000,-7.95600,0.26000,-7.91200,0.27300,-7.93600,0.19400,-7.98400,0.16000,-7.97900,0.22200,-8.02000,0.18200,-7.94000,0.19200,-8.03500,0.31700,-7.95200,0.21800,-8.05200,0.27000,-7.15200,0.11400,-7.31000,0.11500,-7.28500,0.12300,-7.15300,0.10700,-7.26200,0.14900,-7.27500,0.11100,-7.10800,0.09100,-7.15700,0.09100,-7.23100,0.11100,-7.24400,0.12800,-7.18700,0.10200,-7.23100,0.10100,-7.15900,0.11300,-7.17000,0.15100,0
-3.22500,140.22500,PapuaNewGuinea,-7.40800,0.07100,-9999.00000,-9999.00000,-7.75900,0.82900,-7.43000,0.06400,-7.60600,0.08400,-7.39900,0.13000,-7.40900,0.04200,-7.42900,0.07100,-9999.00000,-9999.00000,-7.94700,0.25200,-7.89500,0.25900,-7.92800,0.21100,-8.01000,0.16800,-8.00100,0.22100,-8.03700,0.17600,-7.96800,0.21200,-8.05500,0.31300,-7.98200,0.21600,-8.04100,0.27700,-7.12900,0.12400,-7.31200,0.11500,-7.24900,0.14200,-7.14400,0.11100,-7.26400,0.14000,-7.27300,0.09800,-7.10200,0.09400,-7.15300,0.09600,-7.22600,0.12300,-7.22100,0.14500,-7.18900,0.10500,-7.22300,0.10000,-7.14200,0.10500,-7.15500,0.14400,0
-3.22500,140.27500,PapuaNewGuinea,-7.42300,0.07400,-9999.00000,-9999.00000,-7.77900,0.87100,-7.42100,0.06800,-7.60100,0.09000,-7.39100,0.11900,-7.40800,0.04200,-7.41800,0.07700,-9999.00000,-9999.00000,-7.94900,0.25300,-7.87100,0.25400,-7.92200,0.24700,-8.00500,0.17600,-7.98400,0.20100,-8.04700,0.16400,-7.98800,0.20900,-8.06800,0.31400,-8.01400,0.20300,-8.01000,0.27100,-7.10800,0.12400,-7.29600,0.11600,-7.22100,0.14800,-7.12400,0.13300,-7.26500,0.12200,-7.26400,0.09900,-7.09100,0.08800,-7.14800,0.09900,-7.23000,0.13300,-7.20500,0.15300,-7.19100,0.10900,-7.21000,0.10300,-7.12800,0.09700,-7.13900,0.13500,0
-3.27500,139.77500,PapuaNewGuinea,-7.32600,0.07300,-9999.00000,-9999.00000,-7.42500,0.32400,-7.39300,0.04900,-7.58500,0.04000,-7.32000,0.07700,-7.38600,0.07700,-7.34600,0.19400,-9999.00000,-9999.00000,-7.87400,0.17300,-7.89400,0.25400,-7.99900,0.20900,-7.89800,0.23700,-7.85600,0.19400,-7.97500,0.23400,-8.04700,0.27900,-7.94000,0.15900,-8.05900,0.18900,-7.94000,0.18400,-7.08900,0.11600,-7.17300,0.13400,-7.16200,0.10300,-7.06400,0.12800,-7.19100,0.11800,-7.19300,0.07400,-7.03300,0.11200,-7.06900,0.10000,-7.19600,0.11700,-7.07800,0.09500,-7.07600,0.09400,-7.11500,0.10900,-7.04700,0.11000,-7.04400,0.18900,0
-3.27500,139.82500,PapuaNewGuinea,-7.29800,0.07400,-9999.00000,-9999.00000,-7.42600,0.31900,-7.37400,0.04700,-7.56900,0.03600,-7.28300,0.06100,-7.34900,0.07700,-7.34100,0.17800,-9999.00000,-9999.00000,-7.86600,0.14800,-7.87400,0.24500,-7.96400,0.21800,-7.85100,0.21100,-7.81600,0.18100,-7.91100,0.21200,-7.98400,0.26700,-7.90200,0.17000,-8.02000,0.16700,-7.93600,0.20600,-7.06100,0.11800,-7.15100,0.14300,-7.12200,0.11600,-7.03600,0.12600,-7.16800,0.11500,-7.15200,0.07900,-7.00500,0.10300,-7.03700,0.10300,-7.18000,0.12800,-7.06400,0.09300,-7.03900,0.09500,-7.07900,0.12100,-7.02000,0.11300,-7.00900,0.17900,0
-3.27500,139.87500,PapuaNewGuinea,-7.28400,0.07700,-9999.00000,-9999.00000,-7.43900,0.32800,-7.37200,0.04700,-7.56600,0.03800,-7.28300,0.04700,-7.34100,0.07400,-7.35800,0.15600,-9999.00000,-9999.00000,-7.85800,0.14600,-7.86500,0.23300,-7.91200,0.21300,-7.82000,0.18500,-7.78800,0.15900,-7.87000,0.20700,-7.90800,0.23800,-7.85800,0.17300,-7.98100,0.15200,-7.92400,0.22600,-7.03800,0.10800,-7.13000,0.14700,-7.09100,0.12400,-7.02000,0.12600,-7.14900,0.10500,-7.12000,0.08600,-6.99500,0.09600,-7.01900,0.09600,-7.16000,0.12700,-7.06000,0.09500,-7.02400,0.09700,-7.06300,0.13100,-7.00000,0.11300,-6.98800,0.16200,0
-3.27500,139.92500,PapuaNewGuinea,-7.27000,0.08000,-9999.00000,-9999.00000,-7.45000,0.33700,-7.37000,0.04700,-7.56300,0.04000,-7.28300,0.03400,-7.33500,0.07200,-7.37400,0.13600,-9999.00000,-9999.00000,-7.86600,0.15200,-7.85700,0.23200,-7.89000,0.20700,-7.80500,0.18100,-7.78100,0.15000,-7.84300,0.20100,-7.83600,0.20400,-7.83200,0.17700,-7.94900,0.17200,-7.92800,0.23200,-7.02200,0.09200,-7.10600,0.14700,-7.08400,0.12600,-7.02700,0.13100,-7.14400,0.09400,-7.11500,0.09000,-7.00100,0.09500,-7.02100,0.08700,-7.15200,0.12100,-7.06700,0.10300,-7.02700,0.09800,-7.06200,0.13300,-6.99200,0.11400,-6.98500,0.14800,0
-3.27500,139.97500,PapuaNewGuinea,-7.26300,0.09200,-9999.00000,-9999.00000,-7.50600,0.41400,-7.38400,0.05300,-7.56900,0.04600,-7.30400,0.04600,-7.34600,0.06100,-7.41200,0.11600,-9999.00000,-9999.00000,-7.88500,0.18300,-7.85800,0.24600,-7.88200,0.20200,-7.80500,0.20000,-7.78500,0.14300,-7.85000,0.19300,-7.79700,0.18400,-7.84300,0.22200,-7.92100,0.21200,-7.95000,0.26400,-7.02900,0.08000,-7.10700,0.14100,-7.10900,0.13000,-7.05200,0.12500,-7.15400,0.09200,-7.13600,0.09400,-7.02400,0.09400,-7.04400,0.08600,-7.16900,0.11100,-7.09100,0.11200,-7.05800,0.10100,-7.07600,0.12800,-7.00000,0.12400,-7.02100,0.14300,0
-3.27500,140.02500,PapuaNewGuinea,-7.27100,0.09200,-9999.00000,-9999.00000,-7.54000,0.46500,-7.39200,0.05500,-7.57400,0.05000,-7.31700,0.05800,-7.35600,0.05700,-7.42400,0.10800,-9999.00000,-9999.00000,-7.89600,0.21400,-7.87600,0.27700,-7.86600,0.22000,-7.82700,0.21100,-7.82100,0.14500,-7.88100,0.17200,-7.79100,0.16400,-7.87100,0.25100,-7.90700,0.21500,-7.97900,0.28300,-7.06700,0.08000,-7.14400,0.12600,-7.15800,0.13600,-7.08600,0.12600,-7.17600,0.10700,-7.18800,0.11400,-7.05400,0.08900,-7.07600,0.08900,-7.19300,0.10700,-7.13900,0.11400,-7.10100,0.10600,-7.10700,0.12200,-7.04300,0.12800,-7.08300,0.14200,0
-3.27500,140.07500,PapuaNewGuinea,-7.29200,0.09000,-9999.00000,-9999.00000,-7.60800,0.56900,-7.41000,0.05900,-7.58300,0.06000,-7.34300,0.08600,-7.37600,0.05000,-7.44400,0.09400,-9999.00000,-9999.00000,-7.91300,0.24400,-7.88400,0.28600,-7.86300,0.21400,-7.87600,0.19900,-7.88100,0.16400,-7.91600,0.15700,-7.81400,0.15300,-7.89800,0.27000,-7.93300,0.22700,-8.01200,0.29200,-7.11200,0.09300,-7.20200,0.11400,-7.21900,0.13900,-7.11500,0.12800,-7.21100,0.12900,-7.23000,0.12400,-7.08300,0.08200,-7.11300,0.09000,-7.22000,0.10300,-7.19100,0.11400,-7.15300,0.11000,-7.16600,0.11900,-7.10400,0.12600,-7.13700,0.14600,0
-3.27500,140.12500,PapuaNewGuinea,-7.32800,0.08100,-9999.00000,-9999.00000,-7.65900,0.65900,-7.41900,0.06000,-7.58500,0.06800,-7.36900,0.11000,-7.38900,0.04600,-7.44400,0.08100,-9999.00000,-9999.00000,-7.93100,0.25300,-7.89700,0.29400,-7.88600,0.22400,-7.92100,0.19400,-7.93800,0.18600,-7.96000,0.16100,-7.86500,0.15500,-7.94100,0.29200,-7.95600,0.21500,-8.04500,0.28400,-7.14600,0.10200,-7.26200,0.11400,-7.26000,0.13500,-7.13800,0.12200,-7.25000,0.14400,-7.26500,0.12500,-7.10500,0.08300,-7.14800,0.09300,-7.23700,0.10300,-7.22000,0.11400,-7.19600,0.11500,-7.21700,0.11500,-7.14400,0.11400,-7.16600,0.15200,0
-3.27500,140.17500,PapuaNewGuinea,-7.34800,0.07700,-9999.00000,-9999.00000,-7.68600,0.71000,-7.42300,0.06100,-7.58700,0.07300,-7.38200,0.12200,-7.39500,0.04400,-7.44200,0.07500,-9999.00000,-9999.00000,-7.94500,0.26200,-7.90800,0.29700,-7.90600,0.22900,-7.96300,0.18400,-7.97700,0.20600,-7.99200,0.17500,-7.91500,0.18100,-7.96900,0.30700,-7.98500,0.21200,-8.05600,0.26700,-7.15800,0.11100,-7.30000,0.11300,-7.26200,0.13900,-7.14400,0.11400,-7.26900,0.14800,-7.27800,0.11300,-7.11600,0.09100,-7.16500,0.09900,-7.23700,0.10500,-7.22000,0.12300,-7.21600,0.11600,-7.24100,0.10800,-7.14600,0.10300,-7.16500,0.15300,0
-3.27500,140.22500,PapuaNewGuinea,-7.39400,0.07400,-9999.00000,-9999.00000,-7.74000,0.82800,-7.42500,0.06700,-7.58600,0.08500,-7.39100,0.13000,-7.40600,0.04300,-7.42800,0.07200,-9999.00000,-9999.00000,-7.94800,0.26000,-7.90400,0.29300,-7.92600,0.24900,-8.00100,0.18700,-8.00900,0.20700,-8.02100,0.17900,-7.95300,0.18600,-7.99600,0.30600,-8.02100,0.22300,-8.03100,0.24800,-7.13900,0.12000,-7.31300,0.11600,-7.23900,0.14000,-7.13200,0.12000,-7.26600,0.14100,-7.27300,0.09300,-7.11000,0.09600,-7.16200,0.10600,-7.22300,0.11000,-7.19400,0.14200,-7.21300,0.11800,-7.22900,0.10900,-7.12400,0.09500,-7.14600,0.14600,0
-3.27500,140.27500,PapuaNewGuinea,-7.41400,0.07600,-9999.00000,-9999.00000,-7.76000,0.86200,-7.42000,0.07100,-7.58200,0.09200,-7.38700,0.12200,-7.40600,0.04300,-7.41600,0.07700,-9999.00000,-9999.00000,-7.95800,0.26200,-7.87700,0.27200,-7.92800,0.28000,-8.00700,0.17400,-8.00300,0.19600,-8.05200,0.16900,-7.98300,0.17800,-8.02400,0.30000,-8.04600,0.21400,-8.01300,0.25700,-7.11400,0.11900,-7.30100,0.12400,-7.21800,0.13900,-7.11300,0.13500,-7.26300,0.12800,-7.26000,0.09200,-7.09700,0.09200,-7.15200,0.11100,-7.21600,0.11300,-7.17600,0.14900,-7.20200,0.11700,-7.20600,0.11300,-7.10500,0.09300,-7.12500,0.13500,0
