latitude,longitude,cityname,ghsl_2015_smod,ghsl_bf_1975,ghsl_pop_1975,ghsl_bf_1990,ghsl_pop_1990,ghsl_bf_2000,ghsl_pop_2000,ghsl_bf_2015,ghsl_pop_2015,ERS1993_JFM_mean,ERS1993_JFM_std,ERS1994_JFM_mean,ERS1994_JFM_std,ERS1995_JFM_mean,ERS1995_JFM_std,ERS1996_JFM_mean,ERS1996_JFM_std,ERS1997_JFM_mean,ERS1997_JFM_std,ERS1998_JFM_mean,ERS1998_JFM_std,ERS1999_JFM_mean,ERS1999_JFM_std,ERS2000_JFM_mean,ERS2000_JFM_std,QSCAT1999_JFM_mean,QSCAT1999_JFM_std,QSCAT2000_JFM_mean,QSCAT2000_JFM_std,QSCAT2001_JFM_mean,QSCAT2001_JFM_std,QSCAT2002_JFM_mean,QSCAT2002_JFM_std,QSCAT2003_JFM_mean,QSCAT2003_JFM_std,QSCAT2004_JFM_mean,QSCAT2004_JFM_std,QSCAT2005_JFM_mean,QSCAT2005_JFM_std,QSCAT2006_JFM_mean,QSCAT2006_JFM_std,QSCAT2007_JFM_mean,QSCAT2007_JFM_std,QSCAT2008_JFM_mean,QSCAT2008_JFM_std,QSCAT2009_JFM_mean,QSCAT2009_JFM_std,ASCAT2007_JFM_mean,ASCAT2007_JFM_std,ASCAT2008_JFM_mean,ASCAT2008_JFM_std,ASCAT2009_JFM_mean,ASCAT2009_JFM_std,ASCAT2010_JFM_mean,ASCAT2010_JFM_std,ASCAT2011_JFM_mean,ASCAT2011_JFM_std,ASCAT2012_JFM_mean,ASCAT2012_JFM_std,ASCAT2013_JFM_mean,ASCAT2013_JFM_std,ASCAT2014_JFM_mean,ASCAT2014_JFM_std,ASCAT2015_JFM_mean,ASCAT2015_JFM_std,ASCAT2016_JFM_mean,ASCAT2016_JFM_std,ASCAT2017_JFM_mean,ASCAT2017_JFM_std,ASCAT2018_JFM_mean,ASCAT2018_JFM_std,ASCAT2019_JFM_mean,ASCAT2019_JFM_std,ASCAT2020_JFM_mean,ASCAT2020_JFM_std,Water,density,height,volume,area,gfcc_2015,gfcc_2015_uncertainty
-6.72500,107.32500,Bandung,1,0.00000,0.00000,0.00090,640.00000,0.00210,1558.00000,0.00970,6605.00000,-7.83000,0.19000,-7.55400,0.06800,-7.77700,0.08900,-7.70300,0.11500,-8.05900,0.13000,-7.67000,0.06100,-7.74000,0.10500,-7.89700,0.12000,-9999.00000,-9999.00000,-9.98200,0.20900,-9.85400,0.29700,-9.74100,0.27600,-9.77800,0.25200,-9.63500,0.24500,-9.58500,0.23800,-9.64300,0.28200,-9.92300,0.17800,-9.73300,0.28300,-9.81200,0.15000,-7.88600,0.20100,-7.82800,0.27600,-7.86600,0.20400,-7.70800,0.17700,-7.84400,0.16100,-7.80700,0.20000,-7.76200,0.19400,-7.58600,0.16300,-7.82700,0.17200,-7.62900,0.16600,-7.61100,0.19400,-7.56300,0.18800,-7.58200,0.14700,-7.53700,0.19600,59,-9999,-9999,-9999,30566564,19.21000,8.49000
-6.72500,107.37500,Bandung,1,0.00010,347.00000,0.00740,7850.00000,0.01060,8468.00000,0.01330,9383.00000,-7.70300,0.23000,-7.38100,0.12000,-7.63300,0.08300,-7.54400,0.11900,-7.92200,0.14700,-7.49200,0.05900,-7.57800,0.13300,-7.74200,0.11000,-9999.00000,-9999.00000,-9.88200,0.22000,-9.74600,0.29000,-9.61200,0.29800,-9.68300,0.25600,-9.58100,0.26800,-9.50500,0.24800,-9.58800,0.28100,-9.81800,0.18500,-9.64000,0.25600,-9.71500,0.17700,-7.74700,0.21400,-7.60100,0.28000,-7.68000,0.25200,-7.56200,0.17200,-7.67700,0.15600,-7.62000,0.21700,-7.60600,0.20200,-7.42600,0.17600,-7.63000,0.18300,-7.44100,0.19800,-7.42700,0.20100,-7.38000,0.20500,-7.39300,0.17800,-7.32300,0.32200,0,-9999,-9999,-9999,30566564,28.79000,7.65000
-6.72500,107.42500,Bandung,1,0.00010,628.00000,0.01470,15421.00000,0.02700,21213.00000,0.04680,30190.00000,-7.63800,0.25600,-7.29600,0.13600,-7.56900,0.08200,-7.46800,0.12100,-7.84900,0.15100,-7.41000,0.06000,-7.49500,0.13600,-7.65700,0.10400,-9999.00000,-9999.00000,-9.66400,0.22500,-9.56500,0.26000,-9.38200,0.29800,-9.47900,0.24500,-9.42100,0.25600,-9.35100,0.26700,-9.43800,0.27500,-9.62700,0.21800,-9.44100,0.23400,-9.49700,0.21000,-7.47000,0.31000,-7.29900,0.28500,-7.28400,0.26100,-7.23000,0.17200,-7.38400,0.16100,-7.28800,0.21400,-7.29400,0.19400,-7.11600,0.25300,-7.30100,0.19000,-7.13400,0.19100,-7.16200,0.20800,-7.14300,0.17500,-7.12900,0.21600,-7.02300,0.31800,0,-9999,-9999,-9999,30566564,32.70000,8.20000
-6.72500,107.47500,Bandung,1,0.00020,1581.00000,0.01140,11173.00000,0.02200,14980.00000,0.02810,18169.00000,-7.52800,0.30100,-7.15100,0.16000,-7.45900,0.08300,-7.33800,0.12300,-7.72300,0.15900,-7.27100,0.06200,-7.35200,0.14100,-7.50800,0.09400,-9999.00000,-9999.00000,-9.43900,0.22600,-9.35500,0.23300,-9.17200,0.28000,-9.27700,0.26100,-9.22800,0.23200,-9.15800,0.25200,-9.23900,0.28800,-9.44500,0.24600,-9.24700,0.22500,-9.26300,0.23500,-7.27400,0.34900,-7.15400,0.28800,-7.09600,0.25900,-7.02900,0.14900,-7.26100,0.13300,-7.17000,0.19100,-7.10400,0.17000,-6.93800,0.23200,-7.14900,0.17400,-7.00700,0.18700,-7.07100,0.20700,-7.03700,0.14600,-7.03400,0.20200,-6.90600,0.28100,0,-9999,-9999,-9999,30566564,31.68000,8.00000
-6.72500,107.52500,Bandung,1,0.00010,140.00000,0.00150,574.00000,0.00630,1962.00000,0.01020,3435.00000,-7.42200,0.34100,-7.02600,0.17300,-7.35900,0.08900,-7.22300,0.12400,-7.60800,0.15600,-7.14900,0.07200,-7.22100,0.12600,-7.36400,0.09100,-9999.00000,-9999.00000,-9.23900,0.23800,-9.16900,0.22100,-9.01700,0.24600,-9.09300,0.26700,-9.03600,0.21300,-8.99600,0.23400,-9.04900,0.27800,-9.26900,0.26200,-9.06500,0.22900,-9.05700,0.22400,-7.21700,0.32500,-7.08300,0.27200,-7.06900,0.23800,-6.99000,0.13700,-7.22800,0.12600,-7.14100,0.17600,-7.06700,0.17400,-6.88800,0.20800,-7.10700,0.16700,-6.98500,0.17300,-7.05600,0.21100,-7.03100,0.15600,-7.03100,0.20500,-6.88900,0.27500,0,-9999,-9999,-9999,30566564,34.39000,8.62000
-6.72500,107.57500,Bandung,0,0.00000,0.00000,0.00060,0.00000,0.00210,132.00000,0.00320,195.00000,-7.37200,0.36100,-6.96700,0.18000,-7.31000,0.09200,-7.17100,0.12500,-7.55400,0.15300,-7.09100,0.08000,-7.16000,0.11700,-7.29600,0.09200,-9999.00000,-9999.00000,-9.07800,0.26200,-9.01900,0.22800,-8.87000,0.23100,-8.96400,0.25900,-8.88700,0.20900,-8.86400,0.23700,-8.88700,0.27300,-9.11700,0.28200,-8.93300,0.23500,-8.91400,0.21200,-7.19900,0.28300,-7.10700,0.20300,-7.09100,0.21500,-7.00300,0.13900,-7.22700,0.13100,-7.15400,0.15700,-7.05900,0.18500,-6.91800,0.18300,-7.10500,0.18900,-7.00400,0.16700,-7.06500,0.21500,-7.04000,0.16300,-7.03400,0.21400,-6.88900,0.27700,0,-9999,-9999,-9999,30566564,72.86000,6.90000
-6.72500,107.62500,Bandung,0,0.00010,0.00000,0.00650,1218.00000,0.01200,1844.00000,0.01270,1810.00000,-7.29500,0.39500,-6.89800,0.20600,-7.23800,0.09600,-7.11000,0.13100,-7.48900,0.13800,-7.01300,0.10700,-7.08300,0.09500,-7.20400,0.10200,-9999.00000,-9999.00000,-8.98300,0.28900,-8.92500,0.23500,-8.78700,0.22400,-8.90400,0.24600,-8.81800,0.23300,-8.77900,0.23700,-8.76900,0.25800,-9.03400,0.29100,-8.88200,0.23500,-8.85700,0.20100,-7.18500,0.24800,-7.10900,0.17300,-7.09600,0.20100,-7.01600,0.14400,-7.22500,0.14600,-7.15800,0.16000,-7.03700,0.19400,-6.93900,0.18000,-7.09900,0.22000,-7.02300,0.19400,-7.05200,0.20900,-7.02600,0.16300,-7.00200,0.20600,-6.87200,0.33500,0,-9999,-9999,-9999,30566564,53.09000,7.58000
-6.72500,107.67500,Bandung,1,0.00020,1707.00000,0.00870,2142.00000,0.01420,3577.00000,0.01830,4062.00000,-7.30200,0.42000,-6.91700,0.21000,-7.24100,0.09700,-7.12700,0.13200,-7.50000,0.12900,-7.03100,0.11600,-7.09700,0.09100,-7.21600,0.10900,-9999.00000,-9999.00000,-8.96700,0.28900,-8.92100,0.25000,-8.77100,0.20400,-8.91400,0.25000,-8.82600,0.24600,-8.77300,0.23400,-8.72700,0.25700,-9.02700,0.28900,-8.90800,0.22700,-8.89200,0.21700,-7.16200,0.23400,-7.07000,0.16300,-7.08700,0.18800,-7.01200,0.15300,-7.20600,0.15500,-7.13300,0.16800,-7.01000,0.20600,-6.93500,0.18700,-7.08000,0.22500,-7.02600,0.20800,-7.02600,0.18900,-7.01100,0.17200,-6.95900,0.19700,-6.85400,0.37300,0,-9999,-9999,-9999,30566564,32.57000,7.87000
-6.72500,107.72500,Bandung,1,0.00010,5963.00000,0.00700,3793.00000,0.00920,3925.00000,0.01350,4097.00000,-7.31000,0.45200,-6.94000,0.21500,-7.24500,0.10000,-7.14800,0.13500,-7.51300,0.11700,-7.05200,0.12700,-7.11300,0.08500,-7.23000,0.11700,-9999.00000,-9999.00000,-9.00000,0.26100,-8.97500,0.26400,-8.79400,0.20200,-8.96100,0.24800,-8.88500,0.24900,-8.81500,0.24700,-8.78600,0.26100,-9.07700,0.27300,-8.96000,0.20200,-8.95700,0.23700,-7.14300,0.22600,-7.03300,0.16600,-7.06800,0.18300,-7.00500,0.15300,-7.17900,0.16300,-7.10200,0.16900,-6.98100,0.22400,-6.92300,0.19000,-7.06000,0.21800,-7.02800,0.21500,-7.00700,0.16100,-6.99900,0.20600,-6.93300,0.18400,-6.86000,0.41000,0,-9999,-9999,-9999,30566564,36.89000,8.34000
-6.72500,107.77500,Bandung,1,0.00200,104673.00000,0.01940,8040.00000,0.02100,7173.00000,0.02730,7102.00000,-7.38700,0.49200,-7.02600,0.19800,-7.30400,0.10700,-7.23400,0.12600,-7.59100,0.10500,-7.16900,0.12500,-7.20500,0.09000,-7.32900,0.11700,-9999.00000,-9999.00000,-9.03400,0.23000,-9.02100,0.28300,-8.84600,0.19600,-9.00400,0.23500,-8.95000,0.24400,-8.87500,0.25300,-8.87700,0.25400,-9.12900,0.24000,-9.03300,0.18000,-9.03200,0.24500,-7.14200,0.22100,-7.01500,0.17500,-7.07600,0.17900,-7.02200,0.14100,-7.17100,0.16900,-7.10400,0.17000,-6.97200,0.22700,-6.93100,0.18300,-7.06500,0.20800,-7.04000,0.21000,-7.01200,0.14700,-7.00700,0.24000,-6.94200,0.19400,-6.88000,0.42500,0,-9999,-9999,-9999,30566564,29.53000,7.78000
-6.72500,107.82500,Bandung,1,0.00100,30661.00000,0.02070,6214.00000,0.02150,5365.00000,0.02640,5372.00000,-7.43000,0.50400,-7.07600,0.18500,-7.34100,0.11200,-7.28100,0.11900,-7.63700,0.10000,-7.23900,0.12500,-7.26000,0.09500,-7.38900,0.11400,-9999.00000,-9999.00000,-9.06400,0.20400,-9.05400,0.26800,-8.92500,0.17000,-9.04600,0.22800,-9.00900,0.25500,-8.90600,0.25300,-8.98100,0.24800,-9.20500,0.23900,-9.11800,0.16200,-9.11800,0.24200,-7.18600,0.21400,-7.04900,0.18300,-7.12200,0.18000,-7.06900,0.13300,-7.19800,0.17100,-7.12900,0.17800,-6.99200,0.23900,-6.96700,0.17000,-7.10000,0.19400,-7.07100,0.19500,-7.03700,0.14500,-7.04400,0.26400,-6.97100,0.20000,-6.93600,0.43600,0,-9999,-9999,-9999,30566564,26.85000,7.34000
-6.77500,107.32500,Bandung,0,0.00010,0.00000,0.00140,118.00000,0.00360,1057.00000,0.00980,3603.00000,-7.79700,0.18300,-7.52700,0.06800,-7.72900,0.10000,-7.66100,0.10800,-8.02600,0.13600,-7.62000,0.06000,-7.69800,0.10100,-7.86600,0.12000,-9999.00000,-9999.00000,-9.93500,0.21600,-9.87700,0.27500,-9.76000,0.27100,-9.79100,0.24200,-9.62900,0.27800,-9.58400,0.20500,-9.61900,0.29500,-9.93200,0.16100,-9.70900,0.30900,-9.79900,0.15100,-7.88700,0.19600,-7.78100,0.34600,-7.76600,0.23500,-7.63000,0.19400,-7.79100,0.17900,-7.76400,0.20300,-7.68200,0.22100,-7.52500,0.17600,-7.75300,0.17400,-7.54400,0.22200,-7.49600,0.21100,-7.49300,0.20600,-7.50800,0.17100,-7.47900,0.23700,5,-9999,-9999,-9999,30563490,35.89000,9.22000
-6.77500,107.37500,Bandung,0,0.00040,1768.00000,0.00230,2046.00000,0.00300,1859.00000,0.00340,2411.00000,-7.67000,0.22800,-7.36300,0.11400,-7.59200,0.09600,-7.50200,0.11700,-7.88500,0.15400,-7.44400,0.05600,-7.53700,0.12700,-7.71000,0.11100,-9999.00000,-9999.00000,-9.81300,0.23700,-9.74600,0.25600,-9.61000,0.29000,-9.65200,0.24500,-9.52800,0.27600,-9.48400,0.20000,-9.53500,0.28300,-9.76700,0.17400,-9.57600,0.28000,-9.65600,0.17000,-7.61000,0.26000,-7.45300,0.32100,-7.37400,0.30600,-7.31900,0.20900,-7.50900,0.16400,-7.45700,0.26200,-7.36000,0.24900,-7.24100,0.21000,-7.46100,0.22300,-7.23400,0.22800,-7.23200,0.21200,-7.20600,0.22500,-7.20100,0.20200,-7.13200,0.37800,0,-9999,-9999,-9999,30563490,37.74000,8.87000
-6.77500,107.42500,Bandung,1,0.00020,673.00000,0.00440,5931.00000,0.00820,9360.00000,0.01550,12142.00000,-7.60500,0.25600,-7.27900,0.13000,-7.52900,0.09600,-7.42500,0.12000,-7.80900,0.15900,-7.36200,0.05700,-7.45300,0.13100,-7.62200,0.10600,-9999.00000,-9999.00000,-9.59900,0.24700,-9.53700,0.22800,-9.37400,0.26900,-9.43600,0.23700,-9.34100,0.26600,-9.30600,0.21100,-9.34000,0.27300,-9.54800,0.21200,-9.35900,0.26700,-9.41400,0.20300,-7.27700,0.40000,-7.12300,0.33100,-7.05000,0.30300,-6.99600,0.18700,-7.25500,0.16400,-7.16900,0.22400,-7.06000,0.21100,-6.96800,0.24100,-7.15800,0.22900,-6.97800,0.21500,-7.02100,0.21200,-6.96200,0.19000,-6.94600,0.21700,-6.88300,0.33000,0,-9999,-9999,-9999,30563490,32.82000,8.16000
-6.77500,107.47500,Bandung,0,0.00060,0.00000,0.00330,1170.00000,0.00620,2989.00000,0.00830,2859.00000,-7.50100,0.29800,-7.14600,0.15400,-7.42900,0.09600,-7.30300,0.12500,-7.69000,0.16700,-7.23300,0.05900,-7.31900,0.13600,-7.48300,0.09800,-9999.00000,-9999.00000,-9.35300,0.24900,-9.28400,0.22000,-9.12100,0.22500,-9.17300,0.23100,-9.10100,0.23800,-9.07400,0.24100,-9.09600,0.26700,-9.30300,0.24400,-9.11300,0.27000,-9.14000,0.23200,-7.13800,0.38700,-6.98000,0.37300,-6.92500,0.28300,-6.85800,0.19000,-7.17200,0.16100,-7.04100,0.22100,-6.93000,0.21700,-6.80400,0.25000,-6.96900,0.22400,-6.87000,0.20200,-6.90500,0.22200,-6.85200,0.20700,-6.87400,0.25000,-6.76000,0.33000,0,-9999,-9999,-9999,30563490,36.19000,8.73000
-6.77500,107.52500,Bandung,1,0.00000,0.00000,0.00180,2596.00000,0.00430,8264.00000,0.00720,10586.00000,-7.39100,0.33500,-7.02000,0.17000,-7.32600,0.10200,-7.18500,0.12800,-7.57100,0.16600,-7.10700,0.07000,-7.18300,0.12300,-7.33400,0.09400,-9999.00000,-9999.00000,-9.13300,0.25100,-9.05300,0.22000,-8.91600,0.19300,-8.95300,0.24800,-8.87700,0.22100,-8.86700,0.25400,-8.87100,0.25700,-9.07300,0.28200,-8.90500,0.28700,-8.90400,0.22400,-7.08100,0.35500,-6.96700,0.37500,-6.88700,0.27200,-6.82700,0.19300,-7.15000,0.16200,-6.99300,0.23300,-6.87900,0.21400,-6.74700,0.24300,-6.90800,0.21600,-6.84000,0.19700,-6.88200,0.26000,-6.82400,0.22300,-6.87800,0.26400,-6.72100,0.34600,0,-9999,-9999,-9999,30563490,44.75000,8.32000
-6.77500,107.57500,Bandung,1,0.00090,402.00000,0.00410,6650.00000,0.01030,10590.00000,0.01300,14376.00000,-7.34200,0.35100,-6.96600,0.17900,-7.28100,0.10400,-7.13600,0.12900,-7.52100,0.16300,-7.05200,0.07700,-7.12600,0.11500,-7.26900,0.09400,-9999.00000,-9999.00000,-8.96300,0.26500,-8.89800,0.23700,-8.76400,0.19900,-8.80800,0.25100,-8.71300,0.22600,-8.69000,0.23400,-8.69700,0.25200,-8.90400,0.30700,-8.76800,0.29500,-8.73800,0.21400,-7.07800,0.32400,-7.00000,0.29900,-6.92600,0.25700,-6.85800,0.17100,-7.14900,0.18200,-7.01200,0.23600,-6.90400,0.22000,-6.82300,0.22800,-6.94700,0.21500,-6.85900,0.19600,-6.93200,0.25000,-6.88900,0.20400,-6.90300,0.24100,-6.74400,0.35500,0,-9999,-9999,-9999,30563490,56.02000,6.30000
-6.77500,107.62500,Bandung,1,0.00140,63650.00000,0.01070,7583.00000,0.01760,9968.00000,0.02050,14047.00000,-7.27200,0.37500,-6.90200,0.20700,-7.21400,0.10700,-7.08300,0.13100,-7.46300,0.14800,-6.97800,0.10300,-7.05600,0.09600,-7.18000,0.10100,-9999.00000,-9999.00000,-8.88700,0.28500,-8.83600,0.25300,-8.70200,0.19800,-8.77400,0.24000,-8.65900,0.26300,-8.63200,0.22200,-8.60700,0.24000,-8.84200,0.32200,-8.75000,0.28000,-8.71700,0.20700,-7.07900,0.29000,-7.02200,0.23500,-6.98400,0.25400,-6.89200,0.17700,-7.17500,0.19300,-7.04200,0.22600,-6.94300,0.22300,-6.89800,0.21100,-6.98100,0.24200,-6.90000,0.21300,-6.96800,0.22100,-6.92400,0.20000,-6.88800,0.22800,-6.77200,0.35100,0,-9999,-9999,-9999,30563490,49.06000,6.88000
-6.77500,107.67500,Bandung,0,0.00030,220.00000,0.00420,13174.00000,0.00540,12795.00000,0.00750,12934.00000,-7.28000,0.39500,-6.92100,0.21200,-7.21800,0.10900,-7.10200,0.13200,-7.47700,0.13900,-6.99600,0.11300,-7.07200,0.09200,-7.19000,0.10900,-9999.00000,-9999.00000,-8.91000,0.29000,-8.88300,0.28000,-8.71300,0.20500,-8.82500,0.23200,-8.68900,0.27800,-8.65200,0.19900,-8.61600,0.24700,-8.86200,0.30900,-8.80300,0.26000,-8.77300,0.22500,-7.10200,0.24900,-7.00300,0.20500,-7.00400,0.22500,-6.90900,0.17400,-7.17900,0.19600,-7.04400,0.21500,-6.94100,0.25300,-6.91600,0.20900,-7.00400,0.23600,-6.93200,0.24300,-6.95700,0.19800,-6.94100,0.22600,-6.87300,0.20500,-6.80600,0.38400,0,-9999,-9999,-9999,30563490,55.82000,7.33000
-6.77500,107.72500,Bandung,0,0.00000,0.00000,0.00020,0.00000,0.00020,0.00000,0.00070,231.00000,-7.28900,0.41700,-6.94100,0.21800,-7.22300,0.11100,-7.12300,0.13400,-7.49200,0.12800,-7.01600,0.12500,-7.08900,0.08800,-7.20000,0.11700,-9999.00000,-9999.00000,-8.97800,0.27500,-8.96600,0.31100,-8.75400,0.21400,-8.90800,0.22200,-8.77100,0.27300,-8.71600,0.19600,-8.69900,0.24200,-8.92600,0.27200,-8.91000,0.22100,-8.86700,0.23900,-7.12000,0.22900,-6.99700,0.19000,-7.02300,0.19600,-6.93600,0.15300,-7.17700,0.19600,-7.05800,0.19200,-6.93700,0.24500,-6.91600,0.20000,-7.02500,0.21300,-6.97000,0.22800,-6.97000,0.17100,-6.98000,0.23400,-6.89100,0.19800,-6.84600,0.41300,0,-9999,-9999,-9999,30563490,64.33000,8.15000
-6.77500,107.77500,Bandung,0,0.00000,0.00000,0.00290,1213.00000,0.00290,1036.00000,0.00390,1171.00000,-7.36700,0.44600,-7.03100,0.20100,-7.28200,0.12000,-7.21100,0.12800,-7.57700,0.11800,-7.13100,0.12600,-7.18500,0.09200,-7.29900,0.11900,-9999.00000,-9999.00000,-9.04300,0.24700,-9.04800,0.34300,-8.83600,0.21500,-8.98100,0.20100,-8.87400,0.25200,-8.80300,0.20100,-8.81500,0.24100,-9.02200,0.24100,-9.00900,0.18500,-8.97400,0.24200,-7.13300,0.22200,-7.01300,0.18800,-7.04700,0.18300,-6.97200,0.13300,-7.18100,0.19500,-7.07600,0.17700,-6.93300,0.23500,-6.92400,0.18800,-7.03800,0.20300,-7.00200,0.20700,-6.99300,0.14800,-7.00700,0.24200,-6.91300,0.20100,-6.87100,0.42400,0,-9999,-9999,-9999,30563490,67.00000,7.53000
-6.77500,107.82500,Bandung,0,0.00020,3879.00000,0.00780,3147.00000,0.00830,2968.00000,0.01630,6486.00000,-7.40900,0.45000,-7.07900,0.18800,-7.31800,0.12500,-7.25600,0.12200,-7.62400,0.11400,-7.19700,0.12600,-7.24000,0.09600,-7.35600,0.11600,-9999.00000,-9999.00000,-9.09100,0.21000,-9.08800,0.31300,-8.93300,0.18300,-9.03800,0.19000,-8.97000,0.26200,-8.88300,0.21600,-8.93300,0.23600,-9.14100,0.25400,-9.09300,0.15400,-9.07700,0.23300,-7.17500,0.21000,-7.07400,0.19500,-7.10000,0.18100,-7.02400,0.12800,-7.21800,0.19400,-7.11200,0.17800,-6.95900,0.24200,-6.96400,0.17000,-7.06000,0.18500,-7.02800,0.19600,-7.01900,0.13600,-7.03800,0.25200,-6.93100,0.20200,-6.88800,0.42700,0,-9999,-9999,-9999,30563490,51.32000,8.21000
-6.82500,107.32500,Bandung,2,0.00190,17236.00000,0.02000,27494.00000,0.03710,37876.00000,0.05720,44896.00000,-7.74600,0.17300,-7.48900,0.07400,-7.65600,0.11700,-7.59800,0.09700,-7.97500,0.14600,-7.54500,0.05800,-7.63500,0.09400,-7.81800,0.11900,-9999.00000,-9999.00000,-9.87700,0.22400,-9.88600,0.24500,-9.76200,0.26600,-9.77700,0.25500,-9.60900,0.28700,-9.56300,0.17300,-9.58900,0.28400,-9.88800,0.16900,-9.68700,0.31700,-9.77300,0.16700,-7.67900,0.24300,-7.56200,0.34200,-7.45000,0.26900,-7.38200,0.20400,-7.59400,0.16100,-7.55400,0.21700,-7.45900,0.23000,-7.28000,0.18600,-7.52300,0.18200,-7.34800,0.24500,-7.29200,0.22100,-7.32500,0.24200,-7.31500,0.18700,-7.28400,0.25700,0,-9999,-9999,-9999,30560394,22.86000,6.49000
-6.82500,107.37500,Bandung,1,0.00100,14132.00000,0.01370,22347.00000,0.02470,29020.00000,0.03210,31868.00000,-7.62700,0.22600,-7.35100,0.10800,-7.53700,0.11800,-7.44600,0.11200,-7.83400,0.16300,-7.38000,0.05400,-7.48200,0.11800,-7.66700,0.11400,-9999.00000,-9999.00000,-9.74300,0.23800,-9.73600,0.21900,-9.59600,0.24800,-9.62000,0.23600,-9.47400,0.30000,-9.44900,0.18600,-9.44800,0.27100,-9.69900,0.18400,-9.52000,0.28100,-9.61300,0.17400,-7.41300,0.33900,-7.34100,0.33900,-7.20500,0.30400,-7.12500,0.18400,-7.36800,0.16200,-7.31800,0.24800,-7.22800,0.22600,-7.06200,0.19200,-7.27300,0.22000,-7.11700,0.21000,-7.09600,0.24400,-7.04500,0.20800,-7.02100,0.20700,-6.97800,0.34100,0,-9999,-9999,-9999,30560394,28.66000,7.32000
-6.82500,107.42500,Bandung,2,0.00400,33340.00000,0.03260,45791.00000,0.05060,54601.00000,0.10340,89769.00000,-7.55900,0.25800,-7.27000,0.12200,-7.47300,0.11900,-7.36500,0.11900,-7.75300,0.17000,-7.29600,0.05500,-7.39200,0.12300,-7.57500,0.11100,-9999.00000,-9999.00000,-9.55500,0.25300,-9.54000,0.22000,-9.36100,0.22800,-9.39300,0.21200,-9.28400,0.29400,-9.27100,0.20600,-9.24100,0.28500,-9.47500,0.22300,-9.29900,0.27500,-9.34900,0.21400,-7.18600,0.41200,-7.02300,0.38400,-6.96900,0.31400,-6.87000,0.20200,-7.18100,0.17800,-7.07200,0.25900,-6.95200,0.23300,-6.83200,0.26000,-6.98400,0.25000,-6.86500,0.21600,-6.85100,0.22700,-6.81500,0.21700,-6.77600,0.21600,-6.68800,0.35700,0,-9999,-9999,-9999,30560394,22.57000,6.44000
-6.82500,107.47500,Bandung,3,0.01910,200208.00000,0.08910,160483.00000,0.12320,155991.00000,0.16590,159723.00000,-7.46800,0.30100,-7.16200,0.14100,-7.38800,0.12100,-7.25600,0.12900,-7.64500,0.17900,-7.18300,0.05700,-7.27100,0.13000,-7.45100,0.10700,-9999.00000,-9999.00000,-9.32800,0.25500,-9.29300,0.22100,-9.11700,0.20400,-9.13800,0.20700,-9.04600,0.27100,-9.04200,0.23300,-9.00600,0.28000,-9.20900,0.25700,-9.05300,0.28500,-9.07400,0.23600,-7.04400,0.40100,-6.88200,0.41800,-6.80900,0.32000,-6.72100,0.21800,-7.08100,0.19000,-6.89600,0.24900,-6.77600,0.23600,-6.61800,0.26000,-6.74800,0.24700,-6.70600,0.22500,-6.65000,0.28700,-6.60800,0.26900,-6.60700,0.26700,-6.46000,0.44600,0,-9999,-9999,-9999,30560394,20.45000,6.07000
-6.82500,107.52500,Bandung,2,0.01190,8952.00000,0.06870,23070.00000,0.10270,37568.00000,0.13410,50149.00000,-7.36000,0.33300,-7.04800,0.16100,-7.28900,0.12600,-7.14000,0.13300,-7.52900,0.18200,-7.06100,0.06900,-7.13900,0.12200,-7.30400,0.10300,-9999.00000,-9999.00000,-9.09700,0.26900,-9.04300,0.23300,-8.90000,0.19600,-8.90200,0.22600,-8.80900,0.24400,-8.80700,0.25000,-8.77100,0.27500,-8.94500,0.29100,-8.82100,0.30100,-8.82000,0.24000,-6.87000,0.42000,-6.76200,0.43900,-6.65400,0.30300,-6.52300,0.26200,-6.87400,0.23700,-6.64800,0.28000,-6.51200,0.32600,-6.38200,0.29500,-6.48200,0.27000,-6.39000,0.29100,-6.32600,0.37500,-6.31400,0.30700,-6.36200,0.34500,-6.11400,0.47800,0,-9999,-9999,-9999,30560394,23.44000,6.73000
-6.82500,107.57500,Bandung,3,0.01700,21789.00000,0.10840,77391.00000,0.15430,100133.00000,0.19480,110276.00000,-7.31900,0.34400,-7.00600,0.17100,-7.25100,0.12800,-7.09900,0.13300,-7.48700,0.18100,-7.01300,0.07800,-7.09100,0.11700,-7.24700,0.10200,-9999.00000,-9999.00000,-8.93200,0.27800,-8.88900,0.25600,-8.74100,0.21500,-8.77000,0.23200,-8.64300,0.24600,-8.61800,0.23100,-8.60700,0.25600,-8.78100,0.30800,-8.68900,0.31200,-8.65900,0.23700,-6.50700,0.35800,-6.44500,0.42000,-6.28700,0.34400,-6.13900,0.28200,-6.59100,0.32300,-6.32000,0.32700,-6.17600,0.36100,-6.09500,0.28900,-6.11000,0.28500,-5.97800,0.30500,-6.08400,0.32400,-6.04700,0.28300,-6.08500,0.30300,-5.86100,0.44400,0,-9999,-9999,-9999,30560394,23.33000,6.85000
-6.82500,107.62500,Bandung,3,0.00990,51057.00000,0.10870,120675.00000,0.13990,119747.00000,0.17450,121807.00000,-7.26800,0.35600,-6.95900,0.19500,-7.19800,0.13100,-7.06100,0.12900,-7.44700,0.17000,-6.95000,0.10200,-7.03700,0.10700,-7.17100,0.10400,-9999.00000,-9999.00000,-8.89800,0.29400,-8.86100,0.28000,-8.70400,0.21400,-8.76400,0.23200,-8.60100,0.26500,-8.56200,0.20000,-8.56900,0.24900,-8.73600,0.33000,-8.68600,0.31700,-8.64300,0.23500,-6.50600,0.34400,-6.48700,0.37100,-6.34400,0.39800,-6.19600,0.27800,-6.66600,0.33100,-6.36800,0.35300,-6.28000,0.33200,-6.24600,0.30800,-6.20700,0.34600,-6.10900,0.32600,-6.21500,0.32200,-6.13100,0.29900,-6.10000,0.31100,-5.99900,0.42000,0,-9999,-9999,-9999,30560394,27.16000,7.12000
-6.82500,107.67500,Bandung,2,0.00090,524.00000,0.03510,32020.00000,0.04140,28769.00000,0.05590,34951.00000,-7.28800,0.37400,-6.98400,0.19800,-7.20700,0.13400,-7.08900,0.12900,-7.47200,0.16100,-6.97200,0.11500,-7.05900,0.10600,-7.18200,0.11000,-9999.00000,-9999.00000,-8.95300,0.30500,-8.92900,0.30600,-8.74800,0.21500,-8.83400,0.22600,-8.65800,0.27800,-8.61500,0.16600,-8.62100,0.24300,-8.79100,0.30800,-8.76800,0.29000,-8.72900,0.24400,-6.77600,0.32100,-6.72800,0.34100,-6.66600,0.36400,-6.47200,0.25200,-6.94700,0.30500,-6.69700,0.33400,-6.59000,0.33200,-6.60300,0.31200,-6.59300,0.33100,-6.49600,0.34600,-6.53700,0.33400,-6.47600,0.32200,-6.40300,0.31200,-6.36800,0.45800,0,-9999,-9999,-9999,30560394,36.32000,7.57000
-6.82500,107.72500,Bandung,0,0.00000,0.00000,0.00240,237.00000,0.00280,358.00000,0.00480,766.00000,-7.30600,0.39100,-7.00800,0.20000,-7.21500,0.13600,-7.11500,0.12900,-7.49500,0.15200,-6.99200,0.12700,-7.08100,0.10500,-7.19200,0.11600,-9999.00000,-9999.00000,-9.05900,0.29500,-9.04100,0.34600,-8.83000,0.22200,-8.94800,0.21200,-8.76500,0.27300,-8.71800,0.15500,-8.74400,0.22500,-8.90000,0.27500,-8.90900,0.24600,-8.86700,0.24100,-7.04800,0.25500,-6.92100,0.25100,-6.93400,0.24700,-6.79700,0.19200,-7.13800,0.26000,-6.96800,0.25100,-6.82200,0.29000,-6.83700,0.22300,-6.90000,0.24500,-6.81300,0.29600,-6.81300,0.25100,-6.80100,0.28600,-6.71900,0.26500,-6.69500,0.45200,0,-9999,-9999,-9999,30560394,52.24000,7.74000
-6.82500,107.77500,Bandung,0,0.00000,0.00000,0.00050,593.00000,0.00060,682.00000,0.00210,1223.00000,-7.39400,0.40700,-7.10800,0.18300,-7.28000,0.14700,-7.20900,0.12700,-7.59100,0.14300,-7.10900,0.13200,-7.18600,0.10700,-7.28900,0.11900,-9999.00000,-9999.00000,-9.17800,0.25700,-9.17200,0.36800,-8.93700,0.23500,-9.06900,0.18600,-8.90100,0.25500,-8.84600,0.16500,-8.87900,0.22500,-9.05200,0.25200,-9.05800,0.20100,-9.01700,0.22900,-7.12500,0.23000,-7.03400,0.21100,-7.01900,0.20100,-6.94000,0.14200,-7.21900,0.24600,-7.05700,0.20300,-6.90100,0.24600,-6.90800,0.19300,-6.98500,0.20300,-6.93900,0.24000,-6.94900,0.17800,-6.95200,0.26200,-6.84300,0.22400,-6.81300,0.42300,0,-9999,-9999,-9999,30560394,62.32000,7.19000
-6.82500,107.82500,Bandung,1,0.00000,0.00000,0.00020,291.00000,0.00020,478.00000,0.00360,6028.00000,-7.43900,0.40700,-7.15900,0.17300,-7.31800,0.15200,-7.25400,0.12300,-7.64000,0.14100,-7.17100,0.13100,-7.24200,0.10700,-7.34300,0.11700,-9999.00000,-9999.00000,-9.23800,0.21800,-9.25000,0.33400,-9.05200,0.22900,-9.14700,0.18800,-9.01700,0.25300,-8.94900,0.19000,-9.00100,0.22700,-9.18600,0.26300,-9.16300,0.17200,-9.12500,0.22600,-7.18500,0.21500,-7.16500,0.22200,-7.08400,0.18600,-7.02000,0.13200,-7.28700,0.24700,-7.11100,0.19800,-6.95700,0.24800,-6.96500,0.17700,-7.01600,0.17900,-6.98600,0.21800,-7.02600,0.14000,-7.01500,0.25300,-6.88900,0.21000,-6.82700,0.41900,0,-9999,-9999,-9999,30560394,43.94000,7.80000
-6.87500,107.32500,Bandung,0,0.00020,0.00000,0.00620,2030.00000,0.00770,2451.00000,0.00990,3180.00000,-7.66800,0.16800,-7.40200,0.09600,-7.55900,0.12700,-7.50900,0.09000,-7.90700,0.14500,-7.45200,0.09100,-7.53800,0.09100,-7.74400,0.11600,-9999.00000,-9999.00000,-9.82000,0.23200,-9.86200,0.22600,-9.72400,0.23600,-9.72200,0.26600,-9.56500,0.28200,-9.53000,0.15700,-9.53400,0.24900,-9.84100,0.18300,-9.64700,0.30200,-9.73500,0.17000,-7.51200,0.28300,-7.47600,0.30800,-7.36600,0.22600,-7.28300,0.15000,-7.51100,0.14000,-7.47100,0.19400,-7.40300,0.17200,-7.19100,0.14500,-7.41200,0.16900,-7.28000,0.20100,-7.26400,0.22000,-7.27400,0.21500,-7.26500,0.16100,-7.22700,0.19900,0,-9999,-9999,-9999,30557274,38.63000,8.64000
-6.87500,107.37500,Bandung,0,0.00000,0.00000,0.00220,3798.00000,0.00390,5113.00000,0.00560,4592.00000,-7.57600,0.22200,-7.30300,0.12400,-7.47200,0.13100,-7.38300,0.10600,-7.78600,0.16500,-7.32200,0.08200,-7.41800,0.11200,-7.61600,0.11600,-9999.00000,-9999.00000,-9.71000,0.23200,-9.73900,0.21700,-9.57900,0.22600,-9.58000,0.22300,-9.44700,0.30900,-9.43000,0.20000,-9.38800,0.27100,-9.66600,0.20000,-9.48700,0.27200,-9.57400,0.18300,-7.43800,0.30600,-7.41600,0.32200,-7.28100,0.27000,-7.19300,0.17400,-7.40900,0.16400,-7.38400,0.24100,-7.28700,0.22500,-7.10000,0.18500,-7.30700,0.20700,-7.20200,0.21000,-7.16700,0.24800,-7.12500,0.22000,-7.10000,0.21700,-7.03500,0.28100,0,-9999,-9999,-9999,30557274,37.73000,8.66000
-6.87500,107.42500,Bandung,1,0.00170,3815.00000,0.01370,8598.00000,0.01880,11776.00000,0.02650,15851.00000,-7.51800,0.25700,-7.23800,0.13400,-7.42000,0.13400,-7.30900,0.11500,-7.71000,0.17400,-7.24700,0.08100,-7.33700,0.11700,-7.53000,0.11500,-9999.00000,-9999.00000,-9.53100,0.23900,-9.53900,0.20300,-9.35100,0.21400,-9.36500,0.19300,-9.25700,0.30800,-9.23900,0.23300,-9.15800,0.29400,-9.41800,0.23800,-9.26700,0.26300,-9.30700,0.22900,-7.25700,0.38700,-7.16500,0.37600,-7.08400,0.33600,-6.95600,0.21800,-7.23600,0.20200,-7.14100,0.30200,-7.04600,0.26000,-6.86300,0.28100,-7.00800,0.27400,-6.94500,0.23100,-6.85100,0.28500,-6.79400,0.26300,-6.76000,0.26100,-6.61700,0.38900,0,-9999,-9999,-9999,30557274,21.35000,6.33000
-6.87500,107.47500,Bandung,3,0.01450,86449.00000,0.11010,113696.00000,0.16860,174935.00000,0.24830,222634.00000,-7.45100,0.29800,-7.16200,0.14600,-7.35800,0.13700,-7.22200,0.12600,-7.62200,0.18500,-7.15900,0.07900,-7.24300,0.12300,-7.42800,0.11300,-9999.00000,-9999.00000,-9.32000,0.24600,-9.31400,0.21600,-9.13500,0.21800,-9.13400,0.19600,-9.02600,0.29200,-9.02300,0.24900,-8.94600,0.30000,-9.14400,0.27000,-9.03100,0.27900,-9.02700,0.25700,-6.93100,0.45600,-6.77800,0.44100,-6.70400,0.33400,-6.54400,0.27000,-6.87500,0.24500,-6.69100,0.32900,-6.54600,0.34300,-6.39900,0.31900,-6.48700,0.29700,-6.40200,0.30000,-6.24400,0.36800,-6.26100,0.31600,-6.26800,0.31700,-6.02200,0.45100,0,-9999,-9999,-9999,30557274,13.67000,4.80000
-6.87500,107.52500,Bandung,3,0.06650,391016.00000,0.31300,349064.00000,0.41950,410137.00000,0.51560,491415.00000,-7.36700,0.33100,-7.07300,0.15800,-7.28100,0.14200,-7.12100,0.13300,-7.51800,0.19300,-7.05200,0.08800,-7.12500,0.12000,-7.29500,0.11000,-9999.00000,-9999.00000,-9.12100,0.27700,-9.10200,0.24400,-8.95200,0.23100,-8.93500,0.20700,-8.81800,0.26500,-8.80800,0.26100,-8.74400,0.30000,-8.90000,0.28900,-8.82400,0.29800,-8.79400,0.27000,-6.28900,0.41500,-6.18300,0.46200,-6.01700,0.36000,-5.87300,0.30300,-6.28100,0.30300,-6.02200,0.33800,-5.81400,0.40700,-5.68800,0.29000,-5.70600,0.28000,-5.55000,0.33200,-5.51900,0.35500,-5.56100,0.30900,-5.54000,0.32400,-5.30300,0.42700,0,-9999,-9999,-9999,30557274,11.86000,4.24000
-6.87500,107.57500,Bandung,3,0.16560,211306.00000,0.49450,429734.00000,0.55410,489047.00000,0.61450,592931.00000,-7.33900,0.34200,-7.04700,0.16600,-7.25500,0.14400,-7.09300,0.13300,-7.48900,0.19200,-7.01600,0.09400,-7.08900,0.11800,-7.25000,0.10800,-9999.00000,-9999.00000,-8.99300,0.29500,-8.97500,0.27900,-8.81600,0.24500,-8.82400,0.21900,-8.66200,0.25900,-8.63300,0.23400,-8.61900,0.27500,-8.74800,0.31500,-8.69300,0.32900,-8.66100,0.26000,-5.79700,0.32800,-5.70300,0.44600,-5.50200,0.39000,-5.38000,0.30500,-5.89800,0.29800,-5.54700,0.32400,-5.33600,0.38300,-5.21800,0.24800,-5.18300,0.25700,-5.01100,0.30800,-5.11200,0.29500,-5.12200,0.27800,-5.04500,0.27700,-4.86900,0.42400,0,-9999,-9999,-9999,30557274,11.19000,4.19000
-6.87500,107.62500,Bandung,3,0.16710,199115.00000,0.38640,330292.00000,0.41070,365081.00000,0.44690,398465.00000,-7.30900,0.35400,-7.02500,0.18300,-7.22300,0.14600,-7.07200,0.12700,-7.46500,0.18400,-6.96900,0.11200,-7.04800,0.11400,-7.19200,0.10800,-9999.00000,-9999.00000,-8.98800,0.31400,-8.97900,0.30400,-8.80000,0.24000,-8.83900,0.22200,-8.63300,0.26000,-8.58100,0.20400,-8.62500,0.26600,-8.72000,0.32500,-8.71300,0.33000,-8.66800,0.26100,-5.78600,0.32700,-5.72000,0.43100,-5.53700,0.42400,-5.36100,0.31100,-5.92600,0.30400,-5.55400,0.35600,-5.37600,0.38500,-5.28400,0.27900,-5.22100,0.28400,-5.07200,0.31600,-5.18600,0.32000,-5.15200,0.29000,-5.06700,0.30900,-4.93000,0.43900,0,-9999,-9999,-9999,30557274,21.42000,5.92000
-6.87500,107.67500,Bandung,2,0.06200,8536.00000,0.16550,31865.00000,0.18660,44316.00000,0.23750,75375.00000,-7.33800,0.37600,-7.05700,0.18800,-7.23800,0.14700,-7.10900,0.12600,-7.49800,0.17400,-6.99700,0.12200,-7.07800,0.11500,-7.20800,0.11000,-9999.00000,-9999.00000,-9.08200,0.32200,-9.06600,0.32000,-8.86700,0.23300,-8.93700,0.21800,-8.70800,0.26000,-8.65100,0.17100,-8.73100,0.25300,-8.81700,0.30300,-8.81900,0.29900,-8.78100,0.27000,-6.14900,0.35300,-6.15400,0.45800,-5.98600,0.47500,-5.71400,0.33200,-6.35400,0.34800,-5.97800,0.41600,-5.84600,0.40700,-5.82800,0.37200,-5.74600,0.37500,-5.62600,0.36800,-5.71700,0.41000,-5.62300,0.35500,-5.50800,0.37100,-5.45800,0.48600,0,-9999,-9999,-9999,30557274,19.83000,6.01000
-6.87500,107.72500,Bandung,1,0.00870,41.00000,0.03580,1550.00000,0.05060,2800.00000,0.07480,7759.00000,-7.36200,0.39400,-7.08100,0.19200,-7.24900,0.14700,-7.13900,0.12500,-7.52300,0.16600,-7.02000,0.13000,-7.10200,0.11600,-7.22200,0.11200,-9999.00000,-9999.00000,-9.22200,0.31200,-9.19800,0.34600,-8.98100,0.22800,-9.06800,0.21000,-8.83600,0.25300,-8.78900,0.14500,-8.87900,0.24100,-8.97100,0.27600,-8.98000,0.26000,-8.94000,0.25600,-6.78400,0.29900,-6.70700,0.38100,-6.64600,0.35900,-6.39300,0.28500,-6.91000,0.34600,-6.63300,0.35700,-6.46600,0.36900,-6.49500,0.32100,-6.46700,0.33700,-6.32700,0.39400,-6.34700,0.39500,-6.26200,0.34900,-6.16400,0.36400,-6.10600,0.49500,0,-9999,-9999,-9999,30557274,40.77000,7.77000
-6.87500,107.77500,Bandung,1,0.00090,1448.00000,0.01090,13455.00000,0.01300,19070.00000,0.02610,25377.00000,-7.45900,0.41700,-7.18300,0.17900,-7.31800,0.15500,-7.24200,0.12400,-7.62600,0.15400,-7.14000,0.13400,-7.21600,0.11800,-7.32200,0.11100,-9999.00000,-9999.00000,-9.36300,0.28000,-9.34000,0.34700,-9.12000,0.24400,-9.20200,0.18800,-8.99900,0.23900,-8.96300,0.16100,-9.02500,0.24100,-9.15900,0.25800,-9.14800,0.21700,-9.11500,0.24000,-7.09800,0.23800,-7.06700,0.26800,-6.95000,0.24000,-6.84700,0.19300,-7.21400,0.30000,-6.98000,0.24700,-6.82800,0.26900,-6.83800,0.21600,-6.82700,0.24000,-6.76900,0.30200,-6.75600,0.26100,-6.72400,0.30200,-6.62500,0.28900,-6.53400,0.43700,0,-9999,-9999,-9999,30557274,28.22000,7.68000
-6.87500,107.82500,Bandung,1,0.00110,1512.00000,0.00570,12620.00000,0.00740,17219.00000,0.02440,32753.00000,-7.50400,0.42000,-7.23100,0.17000,-7.35400,0.15900,-7.28700,0.12100,-7.67500,0.15000,-7.20000,0.13100,-7.27200,0.11800,-7.37400,0.10900,-9999.00000,-9999.00000,-9.43200,0.24100,-9.42200,0.32100,-9.22900,0.25800,-9.29600,0.17800,-9.13000,0.24400,-9.09900,0.20300,-9.12600,0.25200,-9.30000,0.28200,-9.26700,0.18200,-9.24400,0.23300,-7.19500,0.21700,-7.24000,0.25900,-7.06000,0.19400,-7.01000,0.14300,-7.33000,0.27500,-7.09800,0.22200,-6.96000,0.25300,-6.95900,0.18400,-6.95900,0.19200,-6.92400,0.26300,-7.00400,0.16500,-6.94400,0.27000,-6.80700,0.22100,-6.72000,0.43000,0,-9999,-9999,-9999,30557274,23.11000,7.03000
-6.92500,107.32500,Bandung,0,0.00000,0.00000,0.00070,560.00000,0.00110,667.00000,0.00160,1028.00000,-7.61800,0.16900,-7.34500,0.10500,-7.50400,0.13100,-7.45600,0.09100,-7.86400,0.14400,-7.39900,0.10600,-7.48200,0.09100,-7.69800,0.11400,-9999.00000,-9999.00000,-9.74400,0.23900,-9.78900,0.22700,-9.64700,0.22300,-9.62700,0.26500,-9.51000,0.27600,-9.48200,0.18400,-9.47300,0.23400,-9.76900,0.20600,-9.58200,0.27900,-9.68400,0.19000,-7.49500,0.27400,-7.48800,0.28400,-7.39800,0.22100,-7.30800,0.11600,-7.55100,0.13900,-7.49400,0.17300,-7.41700,0.15700,-7.25300,0.15200,-7.43400,0.17100,-7.34300,0.15800,-7.32300,0.22000,-7.31100,0.21600,-7.31300,0.14800,-7.24300,0.18400,0,-9999,-9999,-9999,30554132,40.09000,8.76000
-6.92500,107.37500,Bandung,0,0.00000,0.00000,0.00230,3339.00000,0.00290,3235.00000,0.00370,4062.00000,-7.54300,0.21700,-7.26700,0.12900,-7.43500,0.13600,-7.34800,0.10600,-7.75900,0.16400,-7.28900,0.09800,-7.38100,0.10800,-7.58700,0.11600,-9999.00000,-9999.00000,-9.67000,0.22200,-9.71600,0.22300,-9.56000,0.22800,-9.53600,0.22000,-9.43300,0.29300,-9.41700,0.23800,-9.34900,0.27100,-9.63000,0.21100,-9.47200,0.24600,-9.54600,0.20900,-7.50700,0.26400,-7.50200,0.28400,-7.40600,0.23700,-7.30600,0.11400,-7.52300,0.15300,-7.47200,0.18500,-7.39500,0.18100,-7.24200,0.16100,-7.40800,0.18300,-7.32800,0.17100,-7.29200,0.23800,-7.28800,0.21700,-7.26300,0.17600,-7.18700,0.20800,1,-9999,-9999,-9999,30554132,25.11000,7.48000
-6.92500,107.42500,Bandung,1,0.00100,11421.00000,0.00970,14959.00000,0.01150,12773.00000,0.01470,12336.00000,-7.49200,0.25300,-7.21200,0.13800,-7.38800,0.14000,-7.27600,0.11600,-7.68400,0.17600,-7.21700,0.09600,-7.30300,0.11400,-7.50100,0.11600,-9999.00000,-9999.00000,-9.54700,0.22400,-9.56500,0.21400,-9.40400,0.22500,-9.38000,0.19900,-9.29400,0.28800,-9.28100,0.25700,-9.16700,0.29800,-9.41700,0.24100,-9.30400,0.24900,-9.33700,0.24300,-7.43000,0.29700,-7.42800,0.29100,-7.31800,0.27700,-7.20800,0.14600,-7.40600,0.17800,-7.36800,0.23800,-7.27000,0.21800,-7.12500,0.21000,-7.28500,0.22900,-7.20000,0.19000,-7.14800,0.29000,-7.11000,0.23800,-7.04500,0.26100,-6.91800,0.30700,0,-9999,-9999,-9999,30554132,14.27000,6.55000
-6.92500,107.47500,Bandung,3,0.00480,55358.00000,0.05830,98334.00000,0.08840,115047.00000,0.10830,118063.00000,-7.44000,0.28900,-7.15500,0.14700,-7.34100,0.14500,-7.20400,0.12500,-7.61000,0.18700,-7.14500,0.09400,-7.22600,0.11900,-7.41500,0.11600,-9999.00000,-9999.00000,-9.37200,0.24200,-9.38500,0.22400,-9.21400,0.25100,-9.19300,0.20100,-9.09500,0.29100,-9.07300,0.26100,-8.96800,0.31400,-9.15800,0.26900,-9.08600,0.27300,-9.07600,0.27100,-7.02800,0.44900,-6.94300,0.37300,-6.84100,0.38200,-6.66700,0.29000,-6.87200,0.28300,-6.77700,0.38500,-6.62100,0.41100,-6.50100,0.33800,-6.58300,0.32400,-6.45700,0.34400,-6.29000,0.40800,-6.31700,0.33800,-6.30800,0.37200,-6.00800,0.42000,0,-9999,-9999,-9999,30554132,14.24000,5.30000
-6.92500,107.52500,Bandung,3,0.04110,39653.00000,0.26700,126705.00000,0.36020,184527.00000,0.42940,262907.00000,-7.36900,0.32500,-7.08400,0.15700,-7.27600,0.15000,-7.11000,0.13500,-7.51300,0.19800,-7.04700,0.10000,-7.11700,0.11900,-7.28900,0.11300,-9999.00000,-9999.00000,-9.21700,0.27000,-9.21700,0.24800,-9.04100,0.27200,-9.03700,0.20900,-8.90400,0.29700,-8.86000,0.26800,-8.79800,0.32700,-8.94500,0.29200,-8.90100,0.30700,-8.85700,0.28300,-6.10200,0.39400,-5.98800,0.45100,-5.80900,0.40100,-5.65900,0.33500,-6.10900,0.31600,-5.81600,0.35600,-5.59100,0.43000,-5.45700,0.27300,-5.43800,0.27000,-5.28400,0.33300,-5.29200,0.33100,-5.34300,0.30800,-5.28100,0.30600,-5.05800,0.42100,0,-9999,-9999,-9999,30554132,15.53000,5.16000
-6.92500,107.57500,Bandung,3,0.23290,396760.00000,0.67200,584037.00000,0.76320,699834.00000,0.83270,801535.00000,-7.35200,0.33700,-7.07000,0.16200,-7.25900,0.15200,-7.09100,0.13400,-7.49200,0.19800,-7.01900,0.10500,-7.08800,0.11800,-7.25200,0.11100,-9999.00000,-9999.00000,-9.14100,0.30600,-9.12400,0.28800,-8.95300,0.28700,-8.96300,0.22500,-8.78500,0.29000,-8.71800,0.25700,-8.74300,0.30900,-8.81200,0.32100,-8.80900,0.32600,-8.75300,0.28700,-5.70700,0.31900,-5.61900,0.41600,-5.43100,0.38700,-5.28000,0.31200,-5.80200,0.29700,-5.43200,0.31300,-5.22700,0.38200,-5.11200,0.23600,-5.06600,0.24800,-4.91200,0.29600,-4.99500,0.29500,-4.99600,0.26500,-4.91800,0.25900,-4.73800,0.40500,0,-9999,-9999,-9999,30554132,7.61000,3.54000
-6.92500,107.62500,Bandung,3,0.33080,849160.00000,0.74580,812940.00000,0.79280,862978.00000,0.86380,903233.00000,-7.33400,0.35100,-7.06400,0.17600,-7.24000,0.15400,-7.08000,0.12700,-7.47800,0.19300,-6.98400,0.11900,-7.05700,0.11800,-7.20500,0.11000,-9999.00000,-9999.00000,-9.16200,0.32800,-9.14800,0.31600,-8.95800,0.28100,-8.99600,0.21800,-8.76800,0.26800,-8.69400,0.23800,-8.78700,0.29700,-8.81900,0.32800,-8.82900,0.32400,-8.78400,0.28800,-5.70300,0.32000,-5.62200,0.41300,-5.44500,0.40000,-5.26900,0.31300,-5.81200,0.30200,-5.43900,0.33500,-5.24600,0.37800,-5.14700,0.24800,-5.08800,0.25500,-4.93100,0.29900,-5.03800,0.29700,-5.00700,0.26500,-4.92100,0.28600,-4.77000,0.42300,0,-9999,-9999,-9999,30554132,8.17000,3.62000
-6.92500,107.67500,Bandung,3,0.18060,273258.00000,0.45480,451915.00000,0.51600,537028.00000,0.65140,694096.00000,-7.37300,0.37700,-7.10400,0.18200,-7.26000,0.15500,-7.12500,0.12400,-7.51700,0.18300,-7.01700,0.12700,-7.09300,0.12100,-7.22800,0.11000,-9999.00000,-9999.00000,-9.26300,0.33400,-9.23500,0.30900,-9.03900,0.25900,-9.09400,0.20700,-8.84200,0.25600,-8.77100,0.21100,-8.91700,0.28500,-8.92300,0.30200,-8.93100,0.29500,-8.90100,0.28300,-5.94500,0.35200,-5.95400,0.45700,-5.75700,0.48100,-5.47800,0.34700,-6.11900,0.34400,-5.72800,0.40300,-5.59000,0.40300,-5.54300,0.34600,-5.43700,0.34500,-5.35000,0.33400,-5.43500,0.37200,-5.33900,0.31400,-5.23100,0.34700,-5.15100,0.43600,0,-9999,-9999,-9999,30554132,9.58000,4.05000
-6.92500,107.72500,Bandung,3,0.09160,112846.00000,0.22600,176681.00000,0.27400,230815.00000,0.37450,325757.00000,-7.39900,0.39500,-7.13100,0.18700,-7.27300,0.15500,-7.15500,0.12200,-7.54300,0.17500,-7.03900,0.13300,-7.11700,0.12300,-7.24200,0.10900,-9999.00000,-9999.00000,-9.42300,0.32600,-9.38800,0.30200,-9.18100,0.23000,-9.23200,0.20500,-8.98500,0.23600,-8.93500,0.17800,-9.08200,0.26000,-9.11200,0.27400,-9.09600,0.25500,-9.08000,0.26700,-6.68800,0.30700,-6.67900,0.47000,-6.53700,0.38100,-6.22400,0.34200,-6.78000,0.36800,-6.48100,0.38800,-6.28400,0.38800,-6.30300,0.36000,-6.24200,0.35800,-6.08000,0.41100,-6.12700,0.41700,-6.00000,0.32900,-5.88600,0.35200,-5.76300,0.48300,0,-9999,-9999,-9999,30554132,14.40000,5.16000
-6.92500,107.77500,Bandung,3,0.04940,108580.00000,0.18130,193732.00000,0.20180,210437.00000,0.26520,214834.00000,-7.50700,0.42500,-7.23700,0.17600,-7.34600,0.16000,-7.26800,0.12200,-7.65300,0.16000,-7.16400,0.13500,-7.23900,0.12700,-7.34700,0.10500,-9999.00000,-9999.00000,-9.57100,0.29900,-9.53100,0.30500,-9.33000,0.23700,-9.36600,0.20300,-9.16800,0.21900,-9.13500,0.18700,-9.21000,0.27000,-9.32500,0.26800,-9.27500,0.21200,-9.27600,0.26200,-7.12900,0.24000,-7.16300,0.32700,-6.92300,0.26200,-6.81800,0.24500,-7.22300,0.31400,-6.95300,0.27800,-6.81000,0.28500,-6.79500,0.22900,-6.73500,0.25600,-6.67300,0.31600,-6.62300,0.32700,-6.57800,0.30800,-6.47100,0.31700,-6.28900,0.46000,0,-9999,-9999,-9999,30554132,18.32000,5.96000
-6.92500,107.82500,Bandung,2,0.01140,38372.00000,0.05410,26110.00000,0.06600,34731.00000,0.11010,58085.00000,-7.55600,0.43100,-7.28900,0.16800,-7.38400,0.16400,-7.31400,0.12000,-7.70300,0.15700,-7.22200,0.13100,-7.29600,0.12700,-7.39900,0.10300,-9999.00000,-9999.00000,-9.64200,0.24800,-9.60700,0.29000,-9.44300,0.25800,-9.45300,0.18900,-9.30000,0.22800,-9.28000,0.23400,-9.30500,0.27100,-9.46400,0.29500,-9.40300,0.19700,-9.40800,0.24900,-7.24600,0.21700,-7.30400,0.28800,-7.06700,0.19800,-7.02200,0.17700,-7.38300,0.29300,-7.10900,0.24800,-6.97700,0.24200,-6.98000,0.19000,-6.93200,0.22000,-6.89800,0.26200,-6.91600,0.22900,-6.88100,0.27400,-6.74400,0.23800,-6.59400,0.44900,0,-9999,-9999,-9999,30554132,32.06000,7.66000
-6.97500,107.32500,Bandung,0,0.00000,0.00000,0.00080,1678.00000,0.00120,1397.00000,0.00170,755.00000,-7.51100,0.17100,-7.21600,0.11000,-7.39900,0.13500,-7.35100,0.09900,-7.77900,0.13800,-7.29700,0.13300,-7.37100,0.09000,-7.60800,0.10900,-9999.00000,-9999.00000,-9.63800,0.24400,-9.65000,0.23900,-9.56400,0.20100,-9.50400,0.22700,-9.45100,0.25500,-9.41900,0.21200,-9.40000,0.21600,-9.67900,0.20400,-9.51700,0.26000,-9.62000,0.21200,-7.49800,0.26000,-7.48800,0.25800,-7.41400,0.22200,-7.32700,0.10700,-7.59700,0.14800,-7.49600,0.15800,-7.42100,0.15900,-7.31300,0.16300,-7.46100,0.17500,-7.36500,0.14000,-7.35900,0.21800,-7.35000,0.23000,-7.34600,0.14500,-7.25100,0.19400,0,-9999,-9999,-9999,30550968,36.66000,8.53000
-6.97500,107.37500,Bandung,1,0.00000,0.00000,0.00130,1751.00000,0.00240,2488.00000,0.00340,2964.00000,-7.46800,0.19500,-7.17000,0.12500,-7.35400,0.13800,-7.27300,0.11200,-7.70400,0.15800,-7.21700,0.13200,-7.29700,0.10000,-7.52100,0.11300,-9999.00000,-9999.00000,-9.62100,0.23500,-9.63500,0.22100,-9.51900,0.22100,-9.47600,0.21200,-9.41600,0.27500,-9.40300,0.22600,-9.30500,0.26200,-9.58700,0.22000,-9.45300,0.25600,-9.52100,0.23000,-7.49200,0.25800,-7.48800,0.26700,-7.40700,0.23600,-7.31600,0.10900,-7.58000,0.15300,-7.47200,0.16800,-7.40000,0.16700,-7.28300,0.17000,-7.43300,0.19400,-7.33900,0.15400,-7.32300,0.23100,-7.31600,0.23000,-7.29700,0.17000,-7.19800,0.21300,0,-9999,-9999,-9999,30550968,29.99000,7.63000
-6.97500,107.42500,Bandung,1,0.00010,193.00000,0.00660,10608.00000,0.01000,12486.00000,0.01150,12704.00000,-7.43500,0.22100,-7.13900,0.13200,-7.32600,0.14400,-7.21500,0.12200,-7.64200,0.17300,-7.15900,0.13200,-7.23600,0.10500,-7.44700,0.11500,-9999.00000,-9999.00000,-9.55700,0.23400,-9.54800,0.22400,-9.42900,0.24500,-9.39400,0.21800,-9.33600,0.27400,-9.31500,0.25900,-9.18700,0.29600,-9.42000,0.25400,-9.34500,0.26300,-9.36400,0.25200,-7.44000,0.26100,-7.42200,0.26200,-7.34500,0.24900,-7.24700,0.12300,-7.47700,0.16700,-7.40800,0.18500,-7.27700,0.19700,-7.19200,0.20700,-7.35100,0.21400,-7.24700,0.18300,-7.19900,0.26100,-7.21300,0.22600,-7.14400,0.23500,-7.00000,0.30000,0,-9999,-9999,-9999,30550968,23.48000,7.18000
-6.97500,107.47500,Bandung,0,0.00110,7034.00000,0.01680,9747.00000,0.02440,10215.00000,0.03060,9592.00000,-7.40700,0.24200,-7.11300,0.13800,-7.30200,0.14900,-7.16600,0.13000,-7.59000,0.18500,-7.10900,0.13100,-7.18300,0.10900,-7.38400,0.11500,-9999.00000,-9999.00000,-9.46600,0.25600,-9.45200,0.24400,-9.31000,0.27600,-9.29300,0.22000,-9.21100,0.29200,-9.15900,0.27200,-9.06100,0.31400,-9.24400,0.27100,-9.20900,0.27700,-9.18100,0.26400,-7.32800,0.29900,-7.22500,0.31100,-7.09500,0.34900,-6.99700,0.22500,-7.19700,0.26000,-7.12400,0.33400,-6.91300,0.33800,-6.89500,0.32200,-6.99100,0.29100,-6.90400,0.30200,-6.80600,0.31400,-6.81200,0.31800,-6.72600,0.32900,-6.52700,0.46000,0,-9999,-9999,-9999,30550968,42.16000,8.88000
-6.97500,107.52500,Bandung,2,0.00920,20266.00000,0.09720,29355.00000,0.15510,46389.00000,0.20090,73428.00000,-7.37500,0.28100,-7.08600,0.15000,-7.27600,0.15600,-7.10100,0.14300,-7.52300,0.20500,-7.04700,0.13200,-7.10700,0.11500,-7.28900,0.11300,-9999.00000,-9999.00000,-9.37700,0.28400,-9.36300,0.26600,-9.18300,0.29800,-9.19900,0.23100,-9.07600,0.31300,-8.98500,0.27200,-8.96500,0.34100,-9.08100,0.28800,-9.07000,0.29700,-9.01700,0.28100,-6.94300,0.40400,-6.78600,0.38800,-6.65700,0.41300,-6.50300,0.33600,-6.71300,0.35200,-6.56100,0.39600,-6.34800,0.46800,-6.29700,0.35400,-6.27400,0.30400,-6.19600,0.38800,-6.04500,0.38200,-6.11700,0.38400,-6.03000,0.38200,-5.78500,0.50100,0,-9999,-9999,-9999,30550968,23.43000,6.59000
-6.97500,107.57500,Bandung,3,0.07390,12986.00000,0.33920,148016.00000,0.45420,238288.00000,0.54230,336062.00000,-7.37800,0.29600,-7.09500,0.15700,-7.27700,0.15800,-7.09700,0.14100,-7.51700,0.20800,-7.03900,0.13400,-7.09500,0.11800,-7.27000,0.11200,-9999.00000,-9999.00000,-9.33200,0.32000,-9.29700,0.29800,-9.12500,0.30700,-9.15700,0.23400,-8.98200,0.29600,-8.87300,0.26800,-8.95500,0.33800,-8.99100,0.31400,-9.00900,0.31500,-8.93800,0.29900,-6.20600,0.33500,-6.07100,0.44200,-5.87600,0.41000,-5.72500,0.33600,-6.18100,0.34300,-5.87600,0.35700,-5.61700,0.42600,-5.51100,0.28000,-5.46100,0.29100,-5.34300,0.34300,-5.36200,0.31300,-5.37000,0.31600,-5.29500,0.31700,-5.12000,0.45100,0,-9999,-9999,-9999,30550968,9.56000,3.96000
-6.97500,107.62500,Bandung,3,0.11260,81169.00000,0.40660,199509.00000,0.47120,258279.00000,0.55350,356675.00000,-7.39500,0.32400,-7.12600,0.17100,-7.28700,0.16100,-7.10600,0.13200,-7.52000,0.20900,-7.03700,0.13900,-7.08600,0.12300,-7.25000,0.10800,-9999.00000,-9999.00000,-9.39800,0.34800,-9.34200,0.31000,-9.17700,0.29900,-9.22100,0.22500,-9.01200,0.25900,-8.90000,0.26800,-9.05700,0.33000,-9.03400,0.30600,-9.05800,0.32100,-8.98500,0.30000,-6.23000,0.32700,-6.19000,0.43700,-5.99000,0.42800,-5.74700,0.34200,-6.26500,0.34800,-5.95000,0.35600,-5.73500,0.41900,-5.66300,0.32500,-5.59100,0.32200,-5.49700,0.35100,-5.52100,0.36000,-5.45300,0.33000,-5.37600,0.35200,-5.26300,0.46000,0,-9999,-9999,-9999,30550968,11.04000,4.51000
-6.97500,107.67500,Bandung,3,0.09240,77197.00000,0.25310,121448.00000,0.29670,164876.00000,0.38020,244822.00000,-7.45400,0.35500,-7.18800,0.17700,-7.32300,0.16200,-7.16700,0.12600,-7.57300,0.19800,-7.08600,0.14300,-7.13700,0.13200,-7.28700,0.10400,-9999.00000,-9999.00000,-9.50900,0.35700,-9.44900,0.29500,-9.28200,0.27500,-9.33400,0.21500,-9.09500,0.23000,-9.00000,0.24900,-9.18900,0.31100,-9.14900,0.28600,-9.15700,0.29600,-9.09900,0.28600,-6.81000,0.36200,-6.79000,0.48900,-6.60200,0.41300,-6.27500,0.35600,-6.76900,0.36900,-6.51800,0.36000,-6.31100,0.39200,-6.30000,0.36000,-6.21100,0.33200,-6.09600,0.37500,-6.12600,0.40700,-5.96500,0.34300,-5.89400,0.34500,-5.75100,0.50000,0,-9999,-9999,-9999,30550968,13.15000,5.43000
-6.97500,107.72500,Bandung,3,0.16730,81032.00000,0.30490,61620.00000,0.33100,77701.00000,0.42190,134687.00000,-7.49100,0.37500,-7.22600,0.18000,-7.34500,0.16200,-7.20500,0.12200,-7.60600,0.19100,-7.11700,0.14500,-7.16900,0.13700,-7.31200,0.10200,-9999.00000,-9999.00000,-9.65500,0.34800,-9.59000,0.27500,-9.41500,0.23900,-9.45300,0.20900,-9.23900,0.22100,-9.14500,0.22400,-9.33700,0.29200,-9.31700,0.26000,-9.28900,0.26000,-9.26900,0.27100,-7.29000,0.31600,-7.27900,0.42800,-7.00600,0.33600,-6.81100,0.31700,-7.20400,0.33100,-6.98400,0.30900,-6.82000,0.33800,-6.78800,0.28800,-6.69400,0.27800,-6.62900,0.36500,-6.56800,0.35700,-6.46500,0.32900,-6.39400,0.34100,-6.17200,0.50400,0,-9999,-9999,-9999,30550968,13.48000,5.09000
-6.97500,107.77500,Bandung,3,0.12560,93233.00000,0.25980,129861.00000,0.27620,174073.00000,0.34480,210487.00000,-7.62200,0.42400,-7.33700,0.17600,-7.42700,0.16300,-7.33200,0.11700,-7.72300,0.17100,-7.24400,0.14100,-7.29900,0.14400,-7.42500,0.09300,-9999.00000,-9999.00000,-9.78600,0.31400,-9.71100,0.26200,-9.56600,0.22900,-9.55500,0.20300,-9.38400,0.22200,-9.33000,0.22100,-9.45900,0.28100,-9.50300,0.28300,-9.44100,0.22000,-9.46800,0.26100,-7.38700,0.25900,-7.44300,0.37500,-7.14800,0.26300,-7.02900,0.25200,-7.40100,0.29600,-7.14900,0.30000,-7.01400,0.28200,-7.01000,0.24000,-6.92100,0.26900,-6.88100,0.28200,-6.79000,0.31500,-6.78200,0.30000,-6.67400,0.28400,-6.41600,0.48800,0,-9999,-9999,-9999,30550968,13.34000,5.22000
-6.97500,107.82500,Bandung,3,0.07570,101806.00000,0.16190,106961.00000,0.18770,137562.00000,0.24780,165192.00000,-7.67200,0.43900,-7.38600,0.16900,-7.46100,0.16400,-7.37800,0.11600,-7.77000,0.16600,-7.30000,0.13600,-7.35400,0.14300,-7.47300,0.09000,-9999.00000,-9999.00000,-9.83600,0.25600,-9.76500,0.25500,-9.65000,0.24200,-9.60400,0.19000,-9.49300,0.23400,-9.45000,0.25200,-9.51000,0.27500,-9.63400,0.31500,-9.54800,0.23100,-9.57500,0.25100,-7.42000,0.24100,-7.47400,0.34900,-7.21700,0.21400,-7.13600,0.20200,-7.46900,0.28900,-7.27400,0.29400,-7.11400,0.26700,-7.12800,0.18300,-7.10500,0.26900,-7.03000,0.24900,-6.96000,0.24800,-6.98200,0.26400,-6.84200,0.24200,-6.63700,0.46600,0,-9999,-9999,-9999,30550968,14.26000,5.32000
-7.02500,107.32500,Bandung,1,0.00050,13335.00000,0.00420,12378.00000,0.00560,11941.00000,0.00640,10809.00000,-7.41200,0.18400,-7.13000,0.09500,-7.31400,0.13900,-7.29000,0.10000,-7.69200,0.13700,-7.22000,0.11500,-7.27400,0.08400,-7.52000,0.10900,-9999.00000,-9999.00000,-9.51000,0.25400,-9.46500,0.23500,-9.43200,0.19200,-9.36300,0.20200,-9.37200,0.25300,-9.33500,0.22500,-9.29100,0.20700,-9.56500,0.21600,-9.42600,0.26000,-9.51800,0.22100,-7.47800,0.26700,-7.44200,0.23600,-7.37100,0.21600,-7.30500,0.10800,-7.58200,0.15800,-7.45900,0.15200,-7.38200,0.17100,-7.31700,0.15900,-7.45200,0.18000,-7.33800,0.13600,-7.34800,0.19800,-7.34600,0.23700,-7.31700,0.16100,-7.22900,0.18400,0,-9999,-9999,-9999,30547782,37.09000,8.26000
-7.02500,107.37500,Bandung,0,0.00000,0.00000,0.00050,714.00000,0.00090,1118.00000,0.00150,1465.00000,-7.39200,0.19100,-7.10900,0.10600,-7.28800,0.13600,-7.23700,0.11100,-7.64400,0.15600,-7.16200,0.12500,-7.22200,0.09100,-7.45900,0.11100,-9999.00000,-9999.00000,-9.53900,0.25000,-9.50200,0.21300,-9.44200,0.21400,-9.39500,0.21400,-9.37800,0.27100,-9.35600,0.21400,-9.26100,0.24900,-9.53000,0.23800,-9.41300,0.26500,-9.47500,0.23400,-7.44800,0.26300,-7.41900,0.24500,-7.34400,0.22600,-7.28000,0.11700,-7.55700,0.16200,-7.43400,0.16300,-7.32900,0.16900,-7.26500,0.18300,-7.41200,0.19900,-7.29100,0.15500,-7.28900,0.20800,-7.28700,0.22600,-7.25700,0.17800,-7.14200,0.23700,0,-9999,-9999,-9999,30547782,39.75000,8.24000
-7.02500,107.42500,Bandung,0,0.00000,0.00000,0.00200,497.00000,0.00320,571.00000,0.00360,691.00000,-7.37600,0.20100,-7.09400,0.11500,-7.27600,0.14000,-7.18900,0.12200,-7.59900,0.17100,-7.11900,0.12800,-7.17600,0.09700,-7.39900,0.11100,-9999.00000,-9999.00000,-9.53600,0.26100,-9.50700,0.21900,-9.41000,0.25200,-9.38200,0.22400,-9.35700,0.27500,-9.30500,0.23000,-9.21200,0.27900,-9.44000,0.26200,-9.37300,0.28100,-9.37800,0.24000,-7.42100,0.26900,-7.35500,0.25000,-7.29300,0.24400,-7.21200,0.13300,-7.47400,0.17800,-7.37800,0.18700,-7.19800,0.19800,-7.16400,0.22000,-7.32600,0.23400,-7.18300,0.22400,-7.14800,0.22700,-7.18900,0.21300,-7.11500,0.22700,-6.96000,0.33500,0,-9999,-9999,-9999,30547782,44.70000,8.23000
-7.02500,107.47500,Bandung,0,0.00600,166.00000,0.01780,1700.00000,0.02230,2673.00000,0.02420,3153.00000,-7.36400,0.20900,-7.08300,0.12100,-7.26600,0.14300,-7.15400,0.13000,-7.56600,0.18200,-7.08700,0.13000,-7.14100,0.10200,-7.35500,0.11200,-9999.00000,-9999.00000,-9.52600,0.27500,-9.47900,0.25000,-9.34900,0.27700,-9.35300,0.23600,-9.29200,0.28500,-9.20600,0.25800,-9.16300,0.30200,-9.33200,0.27900,-9.31100,0.30800,-9.26000,0.22900,-7.40300,0.28100,-7.27900,0.27100,-7.21500,0.27500,-7.11800,0.15500,-7.37000,0.21500,-7.29400,0.21600,-7.05100,0.25300,-7.03100,0.26800,-7.16100,0.28000,-7.02500,0.28700,-6.95500,0.27100,-7.01100,0.25200,-6.91200,0.27900,-6.74700,0.39200,0,-9999,-9999,-9999,30547782,40.38000,8.73000
-7.02500,107.52500,Bandung,3,0.05720,32570.00000,0.16420,46790.00000,0.21520,78624.00000,0.23530,115688.00000,-7.35600,0.24000,-7.08100,0.13400,-7.26400,0.15000,-7.10900,0.14700,-7.52400,0.20700,-7.04600,0.14000,-7.09000,0.11400,-7.28300,0.10900,-9999.00000,-9999.00000,-9.49700,0.29800,-9.46000,0.27900,-9.30700,0.29900,-9.33500,0.24700,-9.21600,0.30200,-9.09600,0.26000,-9.14600,0.33200,-9.23000,0.27700,-9.23600,0.30500,-9.16500,0.25900,-7.36400,0.29600,-7.19100,0.32900,-7.06700,0.36700,-6.96200,0.24400,-7.22000,0.31000,-7.08900,0.33100,-6.82200,0.35100,-6.83000,0.34600,-6.87200,0.31900,-6.78200,0.34500,-6.70400,0.32100,-6.71300,0.32800,-6.59900,0.32400,-6.40700,0.48700,0,-9999,-9999,-9999,30547782,19.07000,5.92000
-7.02500,107.57500,Bandung,3,0.10530,55411.00000,0.31290,78756.00000,0.39610,113507.00000,0.43510,163822.00000,-7.37100,0.25600,-7.09900,0.14200,-7.27500,0.15300,-7.11200,0.14500,-7.52800,0.21100,-7.04900,0.14200,-7.08900,0.11800,-7.27500,0.10800,-9999.00000,-9999.00000,-9.49600,0.33100,-9.44800,0.30100,-9.29200,0.29700,-9.33900,0.24100,-9.19000,0.27900,-9.03500,0.25300,-9.18600,0.33400,-9.19200,0.28800,-9.21800,0.31900,-9.13200,0.28100,-7.33100,0.28200,-7.15500,0.38400,-7.01100,0.38400,-6.88100,0.27400,-7.14400,0.34700,-7.00600,0.31600,-6.69100,0.39500,-6.68300,0.35700,-6.64100,0.37100,-6.58800,0.39900,-6.49400,0.34600,-6.47800,0.34500,-6.41100,0.38700,-6.24700,0.51500,0,-9999,-9999,-9999,30547782,14.35000,5.11000
-7.02500,107.62500,Bandung,2,0.05810,14517.00000,0.24980,50688.00000,0.28800,70937.00000,0.31660,109847.00000,-7.40100,0.28300,-7.13900,0.15600,-7.29600,0.15700,-7.12800,0.13800,-7.54300,0.21600,-7.06200,0.14700,-7.09400,0.12600,-7.26800,0.10400,-9999.00000,-9999.00000,-9.56700,0.35500,-9.49100,0.30400,-9.34800,0.28900,-9.40300,0.23900,-9.22800,0.23700,-9.07900,0.25300,-9.28700,0.32000,-9.24300,0.28400,-9.27300,0.32800,-9.18000,0.28800,-7.37400,0.27900,-7.26400,0.38500,-7.09500,0.32200,-6.93800,0.29400,-7.21000,0.33200,-7.10700,0.26700,-6.84100,0.36600,-6.78800,0.31400,-6.77000,0.32900,-6.68400,0.37500,-6.63100,0.35400,-6.54400,0.37000,-6.57700,0.39500,-6.44400,0.49600,0,-9999,-9999,-9999,30547782,21.81000,6.37000
-7.02500,107.67500,Bandung,2,0.04690,13729.00000,0.25200,64674.00000,0.30710,93266.00000,0.32330,128676.00000,-7.47200,0.32100,-7.20400,0.16200,-7.33900,0.15900,-7.18800,0.13200,-7.60000,0.20400,-7.11900,0.14900,-7.15200,0.13500,-7.31200,0.10000,-9999.00000,-9999.00000,-9.68000,0.35700,-9.59500,0.28300,-9.46400,0.25900,-9.51000,0.23300,-9.32600,0.19600,-9.20400,0.24200,-9.42500,0.31100,-9.37900,0.27400,-9.37600,0.30300,-9.29900,0.27600,-7.46000,0.27100,-7.36600,0.36500,-7.16500,0.26600,-7.03900,0.27100,-7.32300,0.31400,-7.21300,0.22800,-7.04400,0.31600,-6.97800,0.28000,-6.96500,0.27600,-6.92000,0.33500,-6.85100,0.34200,-6.74200,0.34900,-6.81400,0.33400,-6.59700,0.48200,0,-9999,-9999,-9999,30547782,20.03000,6.28000
-7.02500,107.72500,Bandung,3,0.18250,75786.00000,0.55550,133339.00000,0.64360,192323.00000,0.66620,265181.00000,-7.51400,0.34400,-7.24200,0.16600,-7.36500,0.16000,-7.22500,0.12800,-7.63400,0.19700,-7.15400,0.15000,-7.18800,0.14000,-7.33900,0.09800,-9999.00000,-9999.00000,-9.79700,0.34800,-9.72500,0.25100,-9.60200,0.23600,-9.61000,0.22700,-9.45300,0.19100,-9.35200,0.23000,-9.54700,0.29800,-9.51700,0.25900,-9.50100,0.26700,-9.44200,0.26300,-7.49700,0.27600,-7.43100,0.37300,-7.18100,0.25000,-7.08400,0.25200,-7.38000,0.27900,-7.22200,0.23600,-7.11700,0.27300,-7.06200,0.24800,-7.02200,0.26900,-7.02500,0.30300,-6.89000,0.33000,-6.87200,0.29700,-6.89600,0.28200,-6.58500,0.49700,0,-9999,-9999,-9999,30547782,13.32000,5.28000
-7.02500,107.77500,Bandung,3,0.27280,113999.00000,0.58690,143379.00000,0.61450,181671.00000,0.64400,248402.00000,-7.64600,0.40100,-7.34800,0.16400,-7.44600,0.16100,-7.34500,0.12400,-7.74600,0.17600,-7.27700,0.14500,-7.31500,0.14500,-7.44800,0.08900,-9999.00000,-9999.00000,-9.89900,0.31800,-9.81700,0.23000,-9.71400,0.21900,-9.69200,0.22100,-9.58100,0.21500,-9.50200,0.23700,-9.62900,0.27700,-9.65600,0.27200,-9.62000,0.25000,-9.59300,0.24900,-7.52600,0.26600,-7.49400,0.36600,-7.23800,0.23100,-7.15400,0.22600,-7.46000,0.25100,-7.28200,0.26300,-7.17600,0.26400,-7.15500,0.18800,-7.14200,0.25000,-7.10200,0.24300,-6.94400,0.27500,-6.99100,0.24300,-6.93700,0.25300,-6.66500,0.48300,0,-9999,-9999,-9999,30547782,13.92000,5.42000
-7.02500,107.82500,Bandung,2,0.11100,47663.00000,0.22780,53299.00000,0.24360,67939.00000,0.26920,100746.00000,-7.69600,0.41700,-7.39700,0.15800,-7.47900,0.16000,-7.39200,0.12100,-7.79100,0.16900,-7.33300,0.13900,-7.37000,0.14300,-7.49500,0.08500,-9999.00000,-9999.00000,-9.92300,0.27700,-9.84000,0.23300,-9.76800,0.21600,-9.70100,0.21700,-9.64000,0.23300,-9.56800,0.25500,-9.63500,0.27200,-9.73500,0.30300,-9.66900,0.26000,-9.67800,0.24400,-7.52100,0.25500,-7.51900,0.34800,-7.31600,0.21000,-7.22200,0.18700,-7.51700,0.25200,-7.37300,0.26400,-7.24500,0.25800,-7.23000,0.14100,-7.23400,0.21600,-7.17900,0.22200,-7.06400,0.21300,-7.09300,0.22900,-7.03300,0.20300,-6.83400,0.44400,0,-9999,-9999,-9999,30547782,19.68000,6.23000
-7.07500,107.32500,Bandung,1,0.00010,0.00000,0.00060,414.00000,0.00070,659.00000,0.01430,12454.00000,-7.35000,0.19200,-7.08100,0.08600,-7.26100,0.14200,-7.25400,0.10400,-7.63700,0.13600,-7.17200,0.10400,-7.21300,0.08000,-7.46400,0.10800,-9999.00000,-9999.00000,-9.33300,0.25400,-9.24500,0.20800,-9.24400,0.17900,-9.17800,0.20000,-9.23900,0.25000,-9.21700,0.21400,-9.14600,0.19800,-9.41200,0.23000,-9.29000,0.23900,-9.36200,0.22500,-7.44600,0.28100,-7.36700,0.21700,-7.32000,0.19800,-7.27200,0.11200,-7.52200,0.16900,-7.39900,0.15200,-7.32000,0.18400,-7.29800,0.16500,-7.41400,0.17300,-7.28700,0.14200,-7.29400,0.16200,-7.28600,0.22500,-7.26400,0.16400,-7.19800,0.16400,0,-9999,-9999,-9999,30544572,75.40000,5.90000
-7.07500,107.37500,Bandung,0,0.00000,0.00000,0.00210,2400.00000,0.00320,2570.00000,0.00700,3513.00000,-7.34000,0.18900,-7.07100,0.09400,-7.24500,0.13600,-7.21400,0.11200,-7.60400,0.15400,-7.12600,0.11900,-7.17300,0.08400,-7.41700,0.10900,-9999.00000,-9999.00000,-9.39600,0.25500,-9.32400,0.20500,-9.30600,0.20100,-9.26700,0.21700,-9.29300,0.27100,-9.25700,0.21000,-9.17100,0.22100,-9.42200,0.26000,-9.31300,0.25500,-9.36600,0.22900,-7.45100,0.29000,-7.36300,0.22600,-7.31100,0.21100,-7.25800,0.12300,-7.51300,0.17300,-7.40400,0.16000,-7.28400,0.18400,-7.25800,0.18500,-7.39700,0.19800,-7.24800,0.16600,-7.24900,0.17300,-7.24700,0.21900,-7.21500,0.16900,-7.12000,0.22600,0,-9999,-9999,-9999,30544572,53.27000,7.55000
-7.07500,107.42500,Bandung,1,0.00040,105.00000,0.01630,4550.00000,0.01990,6695.00000,0.02310,10770.00000,-7.33600,0.18600,-7.06500,0.10200,-7.24200,0.13800,-7.17200,0.12300,-7.56900,0.17000,-7.09100,0.12600,-7.13400,0.09200,-7.36600,0.10900,-9999.00000,-9999.00000,-9.45000,0.27200,-9.39600,0.20900,-9.34500,0.23500,-9.32600,0.22600,-9.33200,0.27900,-9.26000,0.22900,-9.20900,0.25200,-9.39600,0.27900,-9.33900,0.28600,-9.34600,0.21700,-7.44700,0.29100,-7.34200,0.24300,-7.29000,0.23000,-7.21700,0.14100,-7.47900,0.18800,-7.38500,0.17200,-7.20200,0.18600,-7.17800,0.20800,-7.32700,0.23500,-7.15200,0.24300,-7.14000,0.21400,-7.18400,0.22400,-7.11600,0.21000,-6.98900,0.31000,0,-9999,-9999,-9999,30544572,38.38000,8.55000
-7.07500,107.47500,Bandung,2,0.02010,8821.00000,0.07750,19316.00000,0.09890,29615.00000,0.10380,37788.00000,-7.33200,0.18500,-7.06200,0.10800,-7.23900,0.13900,-7.14500,0.13000,-7.54700,0.18100,-7.06900,0.13000,-7.10900,0.09700,-7.33300,0.10900,-9999.00000,-9999.00000,-9.49700,0.28800,-9.43900,0.23600,-9.33700,0.27000,-9.37200,0.24000,-9.33900,0.29700,-9.21900,0.24800,-9.23700,0.28700,-9.37600,0.28400,-9.35600,0.31700,-9.31600,0.19400,-7.45000,0.29400,-7.32900,0.26100,-7.27300,0.25900,-7.17100,0.15900,-7.45400,0.23200,-7.34400,0.19500,-7.12200,0.20800,-7.11200,0.23300,-7.25800,0.25900,-7.06000,0.29700,-7.04700,0.24600,-7.11500,0.24200,-7.00900,0.26200,-6.87400,0.37000,0,-9999,-9999,-9999,30544572,29.99000,7.76000
-7.07500,107.52500,Bandung,1,0.01050,1261.00000,0.05890,7659.00000,0.07330,14342.00000,0.07800,23044.00000,-7.34300,0.20600,-7.07700,0.12200,-7.25600,0.14600,-7.11600,0.15000,-7.52700,0.20900,-7.04700,0.14600,-7.07700,0.11300,-7.27900,0.10600,-9999.00000,-9999.00000,-9.55200,0.30700,-9.48100,0.27200,-9.36500,0.29000,-9.41300,0.24900,-9.33100,0.30300,-9.18000,0.24100,-9.29500,0.30300,-9.35000,0.28600,-9.36200,0.33700,-9.28900,0.22400,-7.48600,0.30000,-7.33300,0.28900,-7.27300,0.29800,-7.15100,0.17000,-7.45500,0.27400,-7.31400,0.20200,-7.07200,0.24600,-7.07400,0.27000,-7.17500,0.29200,-7.00100,0.31100,-6.98900,0.28000,-7.01900,0.25900,-6.92500,0.30400,-6.76600,0.41600,0,-9999,-9999,-9999,30544572,31.25000,7.86000
-7.07500,107.57500,Bandung,3,0.01990,11400.00000,0.12720,46817.00000,0.15150,62806.00000,0.16030,88826.00000,-7.36600,0.21900,-7.10400,0.12900,-7.27400,0.14800,-7.12700,0.14800,-7.54000,0.21400,-7.06000,0.15000,-7.08500,0.11900,-7.28000,0.10400,-9999.00000,-9999.00000,-9.60100,0.33500,-9.53000,0.29300,-9.39400,0.28400,-9.47100,0.25200,-9.35000,0.28000,-9.17600,0.23100,-9.37900,0.30800,-9.37700,0.28200,-9.40200,0.34600,-9.29800,0.24100,-7.50900,0.28800,-7.37800,0.31800,-7.28300,0.29800,-7.17100,0.17100,-7.47700,0.26000,-7.30900,0.19300,-7.11500,0.23600,-7.08900,0.25400,-7.15500,0.29500,-7.02300,0.30600,-7.03700,0.27100,-6.98600,0.26400,-6.96900,0.30000,-6.79700,0.39700,0,-9999,-9999,-9999,30544572,18.31000,5.98000
-7.07500,107.62500,Bandung,1,0.00680,474.00000,0.05890,10465.00000,0.06420,12883.00000,0.06830,19931.00000,-7.40700,0.24200,-7.15100,0.14100,-7.30500,0.15300,-7.15000,0.14400,-7.56500,0.22200,-7.08600,0.15400,-7.10200,0.12800,-7.28700,0.10000,-9999.00000,-9999.00000,-9.66500,0.34500,-9.58700,0.30200,-9.46200,0.26500,-9.53800,0.25900,-9.40400,0.23200,-9.23600,0.21000,-9.47000,0.30400,-9.45000,0.28600,-9.46000,0.33800,-9.34100,0.25800,-7.51000,0.27600,-7.38200,0.32900,-7.26200,0.28600,-7.15700,0.18100,-7.45900,0.24400,-7.30000,0.18700,-7.16400,0.22800,-7.09800,0.22100,-7.12800,0.29500,-7.07600,0.26200,-7.06800,0.23100,-6.96400,0.26400,-7.04600,0.26700,-6.84600,0.38400,0,-9999,-9999,-9999,30544572,27.75000,7.28000
-7.07500,107.67500,Bandung,2,0.01690,2280.00000,0.11400,17957.00000,0.12330,22460.00000,0.13420,32408.00000,-7.49200,0.28300,-7.22200,0.14600,-7.35800,0.15600,-7.21100,0.13800,-7.62900,0.21200,-7.15500,0.15600,-7.16900,0.13900,-7.33900,0.09500,-9999.00000,-9999.00000,-9.75600,0.35000,-9.67400,0.28400,-9.56900,0.23500,-9.63400,0.25300,-9.49600,0.19700,-9.35500,0.20000,-9.58600,0.29300,-9.56400,0.28000,-9.55000,0.32100,-9.43900,0.25300,-7.50100,0.27300,-7.35700,0.34400,-7.21300,0.25800,-7.12100,0.19800,-7.40600,0.24300,-7.26600,0.19100,-7.15600,0.22900,-7.08300,0.21400,-7.08100,0.27400,-7.08000,0.25100,-7.02400,0.24300,-6.95100,0.26600,-7.02500,0.23600,-6.82100,0.40400,0,-9999,-9999,-9999,30544572,25.64000,7.24000
-7.07500,107.72500,Bandung,3,0.06410,31392.00000,0.30330,84143.00000,0.32470,104280.00000,0.36450,153986.00000,-7.54100,0.30700,-7.26100,0.14800,-7.38800,0.15800,-7.24800,0.13500,-7.66700,0.20500,-7.19600,0.15600,-7.20900,0.14300,-7.37200,0.09200,-9999.00000,-9999.00000,-9.85700,0.33600,-9.77900,0.24400,-9.71200,0.21400,-9.71900,0.25000,-9.61700,0.18900,-9.50600,0.20100,-9.68300,0.28500,-9.67200,0.27000,-9.67100,0.28500,-9.56800,0.25000,-7.50400,0.28000,-7.38200,0.34900,-7.20700,0.23600,-7.11600,0.20000,-7.40300,0.22700,-7.24900,0.20500,-7.15500,0.23500,-7.09900,0.20600,-7.09000,0.24600,-7.09800,0.24600,-6.99700,0.24900,-6.98500,0.25300,-6.99800,0.21500,-6.79200,0.43800,0,-9999,-9999,-9999,30544572,18.35000,6.24000
-7.07500,107.77500,Bandung,3,0.04380,28868.00000,0.19180,51867.00000,0.22250,69835.00000,0.31600,125434.00000,-7.67400,0.36900,-7.36000,0.14700,-7.46800,0.15800,-7.35800,0.13300,-7.77300,0.18200,-7.31600,0.15000,-7.33100,0.14700,-7.47600,0.08400,-9999.00000,-9999.00000,-9.93000,0.31100,-9.84000,0.21900,-9.80100,0.20300,-9.76500,0.24300,-9.70000,0.21200,-9.61200,0.23100,-9.72000,0.27700,-9.76100,0.27600,-9.75700,0.27200,-9.68500,0.23900,-7.52600,0.27000,-7.44900,0.34900,-7.26000,0.22400,-7.17400,0.18600,-7.43800,0.22400,-7.29500,0.22200,-7.19900,0.23800,-7.16900,0.17100,-7.18100,0.21500,-7.14700,0.22700,-7.03800,0.21400,-7.05900,0.23800,-7.03000,0.20900,-6.85200,0.43100,0,-9999,-9999,-9999,30544572,21.16000,6.59000
-7.07500,107.82500,Bandung,1,0.01100,428.00000,0.03430,3137.00000,0.04040,5505.00000,0.05220,10802.00000,-7.72700,0.38500,-7.40800,0.14300,-7.50300,0.15500,-7.40900,0.12900,-7.81900,0.17400,-7.37600,0.14300,-7.39100,0.14300,-7.52400,0.08000,-9999.00000,-9999.00000,-9.93900,0.28500,-9.84600,0.22300,-9.82700,0.20200,-9.74900,0.23900,-9.72800,0.22300,-9.64800,0.25200,-9.70300,0.27200,-9.79700,0.30000,-9.76900,0.27400,-9.74100,0.23900,-7.53400,0.25800,-7.49500,0.33000,-7.32800,0.21300,-7.23500,0.17100,-7.49000,0.24200,-7.36800,0.24000,-7.26000,0.23700,-7.23600,0.14200,-7.26900,0.19100,-7.20800,0.20900,-7.10300,0.21600,-7.13200,0.23200,-7.11500,0.21500,-6.94000,0.41800,0,-9999,-9999,-9999,30544572,33.44000,7.91000
-7.12500,107.32500,Bandung,1,0.00000,257.00000,0.00250,878.00000,0.00340,1603.00000,0.01440,7382.00000,-7.22400,0.21400,-7.08000,0.08400,-7.17600,0.15900,-7.23400,0.16700,-7.52800,0.13000,-7.10300,0.07500,-7.10200,0.07600,-7.35000,0.10600,-9999.00000,-9999.00000,-9.08400,0.24400,-8.96300,0.21300,-8.97000,0.17100,-8.95200,0.19900,-9.03500,0.25600,-8.99200,0.21700,-8.91900,0.18500,-9.15500,0.23100,-9.07700,0.19800,-9.11800,0.21400,-7.43200,0.29900,-7.33200,0.22000,-7.30800,0.17800,-7.25100,0.11800,-7.44400,0.18300,-7.35700,0.15600,-7.30700,0.23100,-7.29300,0.17700,-7.37900,0.17100,-7.26000,0.13300,-7.24200,0.13800,-7.25200,0.21300,-7.22300,0.16100,-7.20900,0.14100,0,-9999,-9999,-9999,30541340,73.24000,6.05000
-7.12500,107.37500,Bandung,1,0.00000,20.00000,0.00070,323.00000,0.00150,565.00000,0.01530,5680.00000,-7.21400,0.21000,-7.08500,0.08300,-7.16200,0.15600,-7.22000,0.17200,-7.51000,0.14400,-7.07100,0.07400,-7.08400,0.07300,-7.32200,0.10300,-9999.00000,-9999.00000,-9.15700,0.25100,-9.04800,0.21900,-9.04700,0.18500,-9.04000,0.21100,-9.09000,0.28300,-9.04500,0.22500,-8.98300,0.21400,-9.20300,0.28200,-9.12400,0.21900,-9.15800,0.21600,-7.46800,0.30800,-7.36400,0.22900,-7.32600,0.19100,-7.26500,0.12800,-7.47700,0.19200,-7.38500,0.15300,-7.31300,0.24200,-7.28800,0.17400,-7.39300,0.17800,-7.24600,0.16400,-7.23100,0.16600,-7.24500,0.22100,-7.21200,0.16300,-7.18100,0.18800,0,-9999,-9999,-9999,30541340,74.64000,5.84000
-7.12500,107.42500,Bandung,2,0.00240,756.00000,0.10190,19811.00000,0.11090,26161.00000,0.11750,37245.00000,-7.22400,0.18800,-7.09700,0.08100,-7.16600,0.15200,-7.19700,0.17300,-7.49800,0.16200,-7.05500,0.08900,-7.06300,0.08100,-7.29100,0.10200,-9999.00000,-9999.00000,-9.25400,0.26400,-9.17600,0.21600,-9.11800,0.22100,-9.16000,0.23100,-9.17000,0.29500,-9.09300,0.22900,-9.08500,0.23200,-9.26100,0.31500,-9.19600,0.25100,-9.21900,0.18700,-7.49500,0.31100,-7.37400,0.24900,-7.33100,0.21500,-7.25500,0.14400,-7.48900,0.20800,-7.39500,0.15600,-7.27000,0.21700,-7.24600,0.19000,-7.37400,0.21000,-7.20400,0.20200,-7.18700,0.19600,-7.21100,0.23100,-7.18100,0.17300,-7.09800,0.26100,0,-9999,-9999,-9999,30541340,39.99000,6.81000
-7.12500,107.47500,Bandung,1,0.01120,5173.00000,0.04530,10184.00000,0.05390,14729.00000,0.05740,20205.00000,-7.23100,0.17600,-7.10400,0.08100,-7.17000,0.14900,-7.18500,0.17300,-7.49400,0.17200,-7.04700,0.09900,-7.05100,0.08700,-7.27400,0.10100,-9999.00000,-9999.00000,-9.36200,0.27200,-9.28500,0.22500,-9.20100,0.24700,-9.27800,0.24100,-9.26000,0.30000,-9.13100,0.23400,-9.19000,0.24700,-9.32500,0.31700,-9.28900,0.27800,-9.26800,0.15300,-7.51400,0.29700,-7.37900,0.26500,-7.34800,0.25300,-7.23400,0.15200,-7.50500,0.23100,-7.38900,0.16600,-7.22600,0.18600,-7.20200,0.20700,-7.34000,0.24100,-7.14600,0.27000,-7.14500,0.22500,-7.17500,0.24100,-7.12300,0.22400,-7.01000,0.31700,0,-9999,-9999,-9999,30541340,40.82000,7.39000
-7.12500,107.52500,Bandung,1,0.00250,278.00000,0.02070,3459.00000,0.02360,4666.00000,0.02510,6621.00000,-7.26700,0.16100,-7.12700,0.08300,-7.21000,0.14200,-7.17000,0.17300,-7.51900,0.20000,-7.05500,0.12800,-7.04200,0.10700,-7.26000,0.09900,-9999.00000,-9999.00000,-9.46800,0.28200,-9.39700,0.24500,-9.28900,0.25700,-9.37900,0.25400,-9.31700,0.28700,-9.17300,0.22600,-9.31600,0.24800,-9.39900,0.31700,-9.36900,0.32800,-9.30900,0.17000,-7.53700,0.29800,-7.40100,0.27700,-7.35500,0.27500,-7.23200,0.14600,-7.53000,0.24500,-7.37200,0.17400,-7.22700,0.18200,-7.19900,0.20200,-7.32900,0.24200,-7.13000,0.28000,-7.17100,0.21100,-7.16000,0.23900,-7.10900,0.25500,-6.98300,0.33200,0,-9999,-9999,-9999,30541340,53.47000,7.54000
-7.12500,107.57500,Bandung,1,0.00550,3658.00000,0.03830,10987.00000,0.04180,14595.00000,0.04390,19581.00000,-7.30000,0.16600,-7.14400,0.08300,-7.23700,0.14100,-7.18000,0.16500,-7.54400,0.20700,-7.07800,0.13700,-7.06100,0.11400,-7.27300,0.09500,-9999.00000,-9999.00000,-9.56000,0.30200,-9.48400,0.27900,-9.39000,0.26100,-9.48700,0.25700,-9.39100,0.26100,-9.23900,0.19500,-9.44200,0.25500,-9.49200,0.31400,-9.45500,0.35000,-9.35900,0.20100,-7.56400,0.31800,-7.44000,0.30400,-7.34700,0.28500,-7.24900,0.12900,-7.54900,0.24700,-7.36600,0.17300,-7.25600,0.19100,-7.19700,0.20700,-7.31600,0.25200,-7.18300,0.24000,-7.21100,0.17600,-7.15900,0.24300,-7.15700,0.23700,-6.98300,0.33500,0,-9999,-9999,-9999,30541340,33.13000,7.57000
-7.12500,107.62500,Bandung,0,0.00090,0.00000,0.00410,0.00000,0.00410,0.00000,0.00470,109.00000,-7.35000,0.17400,-7.17100,0.08300,-7.27800,0.13900,-7.19700,0.15300,-7.58200,0.21800,-7.11200,0.15000,-7.08900,0.12600,-7.29200,0.08900,-9999.00000,-9999.00000,-9.64800,0.31600,-9.56000,0.29400,-9.49200,0.23900,-9.57900,0.26200,-9.47500,0.23600,-9.33500,0.16100,-9.54500,0.25900,-9.59400,0.31900,-9.54600,0.34400,-9.43000,0.22200,-7.55700,0.33100,-7.42800,0.31800,-7.31100,0.28700,-7.22600,0.14200,-7.53200,0.25400,-7.34200,0.17700,-7.23900,0.21200,-7.16500,0.20900,-7.26400,0.27300,-7.20000,0.21200,-7.19500,0.19400,-7.11500,0.23500,-7.15200,0.22800,-6.96000,0.34700,0,-9999,-9999,-9999,30541340,66.89000,7.48000
-7.12500,107.67500,Bandung,1,0.00470,955.00000,0.04700,6623.00000,0.05120,9191.00000,0.05840,15192.00000,-7.45100,0.20300,-7.22800,0.08800,-7.33900,0.14000,-7.24300,0.13700,-7.64700,0.21500,-7.18200,0.15300,-7.16300,0.13600,-7.34600,0.08300,-9999.00000,-9999.00000,-9.73400,0.32300,-9.64100,0.28800,-9.59600,0.22600,-9.65500,0.27800,-9.57700,0.21400,-9.45100,0.15000,-9.64200,0.25900,-9.67800,0.30900,-9.64400,0.32400,-9.51400,0.23500,-7.52500,0.32000,-7.36700,0.33300,-7.24500,0.27300,-7.16200,0.15800,-7.45200,0.23900,-7.29300,0.17600,-7.19800,0.22100,-7.11800,0.20200,-7.19500,0.26700,-7.15600,0.21000,-7.11100,0.21500,-7.04600,0.23400,-7.10100,0.21600,-6.91900,0.35700,0,-9999,-9999,-9999,30541340,29.98000,7.64000
-7.12500,107.72500,Bandung,1,0.00470,3716.00000,0.02810,12995.00000,0.02960,16076.00000,0.03300,22648.00000,-7.50400,0.22200,-7.25800,0.09200,-7.37000,0.14100,-7.26900,0.13300,-7.68200,0.21100,-7.22200,0.15300,-7.20500,0.14000,-7.37800,0.08000,-9999.00000,-9999.00000,-9.80700,0.31300,-9.71700,0.26800,-9.70400,0.19200,-9.72800,0.26700,-9.67700,0.20100,-9.56300,0.16500,-9.70900,0.26900,-9.75900,0.30600,-9.75100,0.29000,-9.60900,0.24900,-7.50700,0.30200,-7.34900,0.33700,-7.21900,0.24200,-7.13000,0.16400,-7.39400,0.22700,-7.26800,0.17900,-7.16800,0.21500,-7.11300,0.19000,-7.17300,0.23100,-7.14400,0.21100,-7.05800,0.21600,-7.04700,0.23700,-7.06500,0.20300,-6.90600,0.36500,0,-9999,-9999,-9999,30541340,30.13000,6.89000
-7.12500,107.77500,Bandung,1,0.00290,1257.00000,0.00900,2235.00000,0.00990,2955.00000,0.03330,11366.00000,-7.63000,0.27600,-7.32700,0.10100,-7.44200,0.14000,-7.34200,0.14300,-7.76800,0.19100,-7.32700,0.14600,-7.31500,0.14000,-7.46800,0.07400,-9999.00000,-9999.00000,-9.85000,0.29700,-9.76800,0.23100,-9.78100,0.17000,-9.76400,0.25300,-9.74200,0.22500,-9.62800,0.19700,-9.72900,0.27600,-9.81700,0.30200,-9.81300,0.27900,-9.70400,0.25000,-7.51200,0.28400,-7.41100,0.32300,-7.26300,0.22100,-7.16200,0.17000,-7.39500,0.23500,-7.29200,0.19200,-7.19100,0.22000,-7.15900,0.17400,-7.20000,0.20100,-7.16800,0.19800,-7.05500,0.20100,-7.09400,0.23500,-7.09300,0.23000,-6.92800,0.39800,0,-9999,-9999,-9999,30541340,39.00000,8.41000
-7.12500,107.82500,Bandung,0,0.00080,76.00000,0.00390,1297.00000,0.00460,1809.00000,0.00780,5671.00000,-7.68100,0.29600,-7.36000,0.10300,-7.47600,0.13700,-7.38300,0.14700,-7.80800,0.17900,-7.38200,0.13900,-7.37300,0.13800,-7.51200,0.07200,-9999.00000,-9999.00000,-9.86800,0.27800,-9.77500,0.21900,-9.80400,0.16800,-9.74700,0.24100,-9.75000,0.23600,-9.64800,0.23200,-9.69100,0.27700,-9.81100,0.30000,-9.82700,0.26400,-9.74100,0.24300,-7.51800,0.26600,-7.46400,0.30600,-7.30700,0.21600,-7.21700,0.16600,-7.42200,0.25200,-7.35100,0.21000,-7.24400,0.22400,-7.22100,0.15500,-7.25300,0.18600,-7.20000,0.19600,-7.09100,0.21400,-7.12700,0.23700,-7.12200,0.23800,-6.94700,0.41900,0,-9999,-9999,-9999,30541340,54.38000,7.80000
-7.17500,107.32500,Bandung,1,0.00060,343.00000,0.00420,1544.00000,0.00670,2782.00000,0.01060,5042.00000,-7.21600,0.21600,-7.14500,0.08900,-7.18800,0.16400,-7.29300,0.21200,-7.54400,0.12500,-7.13800,0.10500,-7.10800,0.07700,-7.35800,0.10500,-9999.00000,-9999.00000,-8.84300,0.23600,-8.71800,0.21500,-8.70000,0.16900,-8.73100,0.19300,-8.81000,0.26200,-8.77300,0.22600,-8.69100,0.18300,-8.88200,0.22000,-8.84800,0.17000,-8.85800,0.19300,-7.38300,0.29500,-7.30900,0.22600,-7.28300,0.17100,-7.20900,0.13400,-7.38600,0.19100,-7.32500,0.16200,-7.28800,0.25200,-7.28300,0.18200,-7.34800,0.18200,-7.23400,0.13000,-7.20600,0.14000,-7.23700,0.20600,-7.19400,0.16900,-7.21600,0.15200,0,-9999,-9999,-9999,30538084,51.58000,8.77000
-7.17500,107.37500,Bandung,1,0.00060,180.00000,0.00480,985.00000,0.00610,1552.00000,0.01270,4423.00000,-7.19500,0.21900,-7.14900,0.08200,-7.16500,0.16300,-7.27900,0.22200,-7.52400,0.13300,-7.10400,0.08900,-7.08400,0.06800,-7.33200,0.10200,-9999.00000,-9999.00000,-8.90600,0.23100,-8.79600,0.21900,-8.75400,0.19500,-8.79600,0.21000,-8.85100,0.28500,-8.80400,0.24100,-8.75800,0.20000,-8.93700,0.27300,-8.89000,0.18000,-8.91400,0.19100,-7.45400,0.31200,-7.34600,0.24200,-7.32600,0.17900,-7.24300,0.13700,-7.43300,0.20300,-7.35800,0.15300,-7.30500,0.25300,-7.28300,0.17300,-7.37800,0.18200,-7.23700,0.15900,-7.21300,0.16300,-7.24200,0.21000,-7.20600,0.16500,-7.21100,0.17000,0,-9999,-9999,-9999,30538084,52.54000,8.50000
-7.17500,107.42500,Bandung,1,0.00000,7.00000,0.00100,229.00000,0.00440,1155.00000,0.00510,2233.00000,-7.19700,0.20500,-7.15800,0.08400,-7.16300,0.15900,-7.25300,0.21800,-7.51100,0.15100,-7.08400,0.09300,-7.06300,0.07500,-7.30000,0.10200,-9999.00000,-9999.00000,-9.01400,0.23500,-8.93100,0.21700,-8.85000,0.21300,-8.92400,0.22700,-8.94800,0.30100,-8.87400,0.24700,-8.88800,0.21400,-9.05100,0.31600,-8.98400,0.21100,-9.02100,0.16600,-7.48300,0.30500,-7.36700,0.25400,-7.34100,0.20200,-7.25800,0.14500,-7.45800,0.21200,-7.37700,0.15300,-7.30300,0.25800,-7.27400,0.17400,-7.39400,0.18100,-7.23400,0.17900,-7.21400,0.17200,-7.22600,0.21700,-7.20300,0.16000,-7.17800,0.20800,0,-9999,-9999,-9999,30538084,55.65000,7.40000
-7.17500,107.47500,Bandung,0,0.00000,0.00000,0.00040,13.00000,0.00050,15.00000,0.00060,66.00000,-7.20200,0.19600,-7.16200,0.08500,-7.16500,0.15600,-7.23700,0.21400,-7.50700,0.16100,-7.07500,0.09800,-7.05300,0.08000,-7.28400,0.10200,-9999.00000,-9999.00000,-9.14500,0.24800,-9.08800,0.21100,-8.96500,0.22500,-9.07300,0.24000,-9.06300,0.28400,-8.95200,0.24300,-9.03900,0.20800,-9.17700,0.32800,-9.10600,0.25300,-9.10700,0.15400,-7.51600,0.28100,-7.38200,0.26600,-7.36000,0.24000,-7.26300,0.14800,-7.48300,0.21500,-7.38100,0.16400,-7.30900,0.25200,-7.25700,0.17700,-7.38900,0.19400,-7.22800,0.20600,-7.22200,0.16300,-7.21200,0.22000,-7.20500,0.17000,-7.11700,0.27100,0,-9999,-9999,-9999,30538084,75.88000,5.42000
-7.17500,107.52500,Bandung,1,0.00280,0.00000,0.02450,1830.00000,0.02510,2401.00000,0.02870,5078.00000,-7.23600,0.17600,-7.17000,0.08500,-7.19500,0.14500,-7.21100,0.20200,-7.52800,0.18900,-7.07900,0.12100,-7.04500,0.09900,-7.26500,0.09800,-9999.00000,-9999.00000,-9.28700,0.25700,-9.24200,0.22000,-9.11200,0.24300,-9.21800,0.25100,-9.18000,0.26700,-9.05900,0.23700,-9.20100,0.20300,-9.31700,0.33500,-9.23600,0.31100,-9.20200,0.17100,-7.55800,0.28200,-7.42000,0.27300,-7.38500,0.27500,-7.27600,0.13500,-7.53300,0.22800,-7.38800,0.17000,-7.34000,0.24500,-7.26400,0.17300,-7.38800,0.21200,-7.25300,0.20400,-7.24300,0.15700,-7.21300,0.22100,-7.22600,0.18000,-7.08600,0.28100,0,-9999,-9999,-9999,30538084,52.73000,7.49000
-7.17500,107.57500,Bandung,2,0.00760,6172.00000,0.07300,37289.00000,0.07480,45296.00000,0.08390,66818.00000,-7.26900,0.17100,-7.17800,0.08200,-7.22300,0.14100,-7.21500,0.18800,-7.55300,0.19900,-7.09700,0.13100,-7.06200,0.10800,-7.27500,0.09300,-9999.00000,-9999.00000,-9.37900,0.26700,-9.34400,0.24700,-9.23000,0.25000,-9.32700,0.24800,-9.26700,0.23900,-9.17600,0.20600,-9.32500,0.20600,-9.44100,0.32700,-9.34200,0.34300,-9.27600,0.20300,-7.60700,0.33300,-7.47200,0.29700,-7.39100,0.28600,-7.29100,0.12300,-7.56000,0.23700,-7.40000,0.17800,-7.34900,0.22000,-7.26400,0.17400,-7.38800,0.21500,-7.28800,0.17800,-7.25900,0.16200,-7.22800,0.22200,-7.23800,0.18700,-7.07700,0.29000,0,-9999,-9999,-9999,30538084,23.86000,7.16000
-7.17500,107.62500,Bandung,1,0.00230,323.00000,0.02720,3646.00000,0.02910,6095.00000,0.03250,9410.00000,-7.31100,0.16700,-7.19100,0.07700,-7.25900,0.13600,-7.22100,0.17200,-7.58600,0.21100,-7.12200,0.14300,-7.08400,0.12000,-7.29000,0.08800,-9999.00000,-9999.00000,-9.48300,0.27200,-9.43400,0.27500,-9.36500,0.22800,-9.43900,0.26000,-9.39400,0.21900,-9.31400,0.15400,-9.44000,0.22400,-9.58000,0.33800,-9.46200,0.33700,-9.37000,0.21700,-7.61200,0.34600,-7.47900,0.31100,-7.36700,0.28400,-7.28100,0.12300,-7.55800,0.25300,-7.39500,0.18100,-7.32400,0.21500,-7.24500,0.18500,-7.35800,0.23000,-7.29000,0.17500,-7.25000,0.18800,-7.22500,0.22900,-7.21500,0.19200,-7.04500,0.32300,0,-9999,-9999,-9999,30538084,38.19000,7.13000
-7.17500,107.67500,Bandung,1,0.00100,531.00000,0.02680,9499.00000,0.02930,12045.00000,0.03380,17922.00000,-7.41100,0.18000,-7.23200,0.07900,-7.31900,0.13400,-7.25800,0.14400,-7.64900,0.21200,-7.18500,0.14900,-7.15400,0.13200,-7.34300,0.08100,-9999.00000,-9999.00000,-9.57700,0.28300,-9.52100,0.28100,-9.48700,0.20800,-9.54300,0.27500,-9.52500,0.21300,-9.44900,0.14100,-9.52800,0.24300,-9.68200,0.32000,-9.57600,0.30000,-9.45900,0.23800,-7.59200,0.34700,-7.43800,0.31600,-7.31300,0.26600,-7.22900,0.14100,-7.51500,0.27100,-7.36300,0.17500,-7.27500,0.24000,-7.20300,0.19000,-7.29100,0.24800,-7.25800,0.17700,-7.17800,0.20600,-7.15500,0.21600,-7.15700,0.19800,-7.00200,0.33300,0,-9999,-9999,-9999,30538084,17.03000,6.06000
-7.17500,107.72500,Bandung,0,0.00020,0.00000,0.00680,674.00000,0.00750,812.00000,0.01090,1301.00000,-7.46400,0.19300,-7.25300,0.08100,-7.34900,0.13400,-7.28000,0.13600,-7.68000,0.21000,-7.22200,0.14800,-7.19300,0.13600,-7.37400,0.07800,-9999.00000,-9999.00000,-9.64900,0.28500,-9.60300,0.26900,-9.59800,0.18000,-9.63200,0.26800,-9.63000,0.23400,-9.54300,0.15100,-9.59000,0.25900,-9.75500,0.31200,-9.69300,0.26100,-9.56000,0.24700,-7.56700,0.32300,-7.41800,0.31400,-7.28400,0.24000,-7.19200,0.15300,-7.44700,0.25600,-7.33600,0.17600,-7.24000,0.24500,-7.18200,0.18700,-7.24700,0.23200,-7.21700,0.18100,-7.10200,0.21400,-7.11000,0.21500,-7.11300,0.21100,-6.97500,0.34400,0,-9999,-9999,-9999,30538084,44.88000,7.43000
-7.17500,107.77500,Bandung,1,0.00100,165.00000,0.00690,1312.00000,0.00780,1806.00000,0.01220,3726.00000,-7.58100,0.23600,-7.30000,0.08700,-7.41200,0.13200,-7.33500,0.13700,-7.75100,0.19400,-7.31300,0.14000,-7.29000,0.13700,-7.45100,0.07300,-9999.00000,-9999.00000,-9.68700,0.27800,-9.61900,0.23700,-9.65000,0.15500,-9.66100,0.25700,-9.67400,0.26600,-9.55800,0.16700,-9.59900,0.27300,-9.78200,0.30300,-9.76900,0.23800,-9.63000,0.24600,-7.55300,0.29900,-7.46700,0.29500,-7.29300,0.22100,-7.20800,0.16000,-7.41500,0.26000,-7.35300,0.18400,-7.24400,0.25100,-7.19700,0.18300,-7.23600,0.20400,-7.20100,0.18100,-7.06000,0.18400,-7.11400,0.22700,-7.11200,0.23700,-6.95800,0.37500,0,-9999,-9999,-9999,30538084,38.76000,7.90000
-7.17500,107.82500,Bandung,1,0.00590,1066.00000,0.02120,5724.00000,0.02460,7154.00000,0.03230,11373.00000,-7.63600,0.25900,-7.32500,0.09000,-7.44600,0.12800,-7.37000,0.14500,-7.78800,0.18100,-7.36600,0.13300,-7.34700,0.13400,-7.49300,0.07200,-9999.00000,-9999.00000,-9.70500,0.26000,-9.61100,0.23000,-9.67600,0.15400,-9.66100,0.24900,-9.67200,0.27400,-9.55200,0.18300,-9.58900,0.26500,-9.75400,0.28800,-9.80000,0.22100,-9.65900,0.25600,-7.52600,0.27300,-7.49900,0.28500,-7.30300,0.21600,-7.21600,0.17000,-7.40000,0.26800,-7.38300,0.19300,-7.25000,0.24600,-7.20200,0.17600,-7.22400,0.18700,-7.17700,0.18600,-7.05300,0.17900,-7.10800,0.23600,-7.09500,0.24400,-6.93500,0.41100,0,-9999,-9999,-9999,30538084,36.57000,7.45000
-7.22500,107.32500,Bandung,0,0.00040,0.00000,0.00260,39.00000,0.00390,81.00000,0.00780,2821.00000,-7.20500,0.22000,-7.21200,0.09200,-7.19800,0.16900,-7.35500,0.26000,-7.56000,0.11900,-7.17500,0.13500,-7.11300,0.07800,-7.36600,0.10400,-9999.00000,-9999.00000,-8.61900,0.22300,-8.50400,0.23200,-8.45200,0.19900,-8.51000,0.18400,-8.55900,0.26200,-8.54600,0.23200,-8.47200,0.17900,-8.62000,0.19400,-8.62300,0.15400,-8.60700,0.19300,-7.24900,0.27000,-7.23400,0.22900,-7.17800,0.19600,-7.09500,0.15100,-7.27900,0.18700,-7.24900,0.16700,-7.21500,0.27600,-7.20200,0.16900,-7.28200,0.19700,-7.16200,0.13500,-7.11800,0.14800,-7.17500,0.19800,-7.10100,0.19900,-7.15200,0.18300,0,-9999,-9999,-9999,30534806,74.34000,6.37000
-7.22500,107.37500,Bandung,0,0.00020,51.00000,0.00160,170.00000,0.00240,319.00000,0.00360,666.00000,-7.17300,0.22900,-7.22100,0.07900,-7.16700,0.17000,-7.34700,0.27900,-7.54000,0.12000,-7.14000,0.10700,-7.08400,0.06300,-7.34300,0.10100,-9999.00000,-9999.00000,-8.67200,0.22200,-8.58800,0.23900,-8.48200,0.20500,-8.56100,0.18100,-8.59200,0.27500,-8.55800,0.23800,-8.53900,0.19200,-8.68100,0.24500,-8.65600,0.15700,-8.66600,0.18100,-7.29300,0.27700,-7.24900,0.24800,-7.19300,0.19800,-7.12500,0.16100,-7.29400,0.16700,-7.27400,0.16100,-7.20600,0.28100,-7.17700,0.16600,-7.30600,0.19700,-7.17200,0.14700,-7.12100,0.16000,-7.18900,0.20500,-7.11500,0.17200,-7.14900,0.18200,0,-9999,-9999,-9999,30534806,67.45000,7.21000
-7.22500,107.42500,Bandung,0,0.00010,15.00000,0.00100,244.00000,0.00120,347.00000,0.00120,575.00000,-7.16200,0.22900,-7.23500,0.08700,-7.15700,0.16800,-7.32200,0.27500,-7.52800,0.13600,-7.11900,0.09700,-7.06400,0.06700,-7.31200,0.10200,-9999.00000,-9999.00000,-8.76400,0.21900,-8.69300,0.22700,-8.56600,0.20300,-8.66700,0.19500,-8.68000,0.28200,-8.61900,0.24300,-8.65700,0.20300,-8.80000,0.29300,-8.75200,0.17900,-8.76200,0.16100,-7.31800,0.25900,-7.27600,0.25600,-7.22000,0.19500,-7.14900,0.16900,-7.32600,0.17800,-7.29300,0.16600,-7.21500,0.31400,-7.18300,0.18300,-7.32200,0.17700,-7.18400,0.15800,-7.13900,0.16400,-7.17100,0.19200,-7.12400,0.13800,-7.14100,0.18300,0,-9999,-9999,-9999,30534806,64.68000,7.48000
-7.22500,107.47500,Bandung,0,0.00000,0.00000,0.00080,156.00000,0.00090,225.00000,0.00120,429.00000,-7.16200,0.22500,-7.23900,0.09000,-7.15600,0.16500,-7.30900,0.27000,-7.52600,0.14600,-7.11200,0.09500,-7.05600,0.07100,-7.29700,0.10200,-9999.00000,-9999.00000,-8.89900,0.23800,-8.86300,0.21200,-8.69400,0.20800,-8.81600,0.21600,-8.81500,0.26500,-8.72800,0.24000,-8.82000,0.21200,-8.95400,0.33400,-8.87600,0.22000,-8.87500,0.16500,-7.38900,0.26300,-7.31800,0.26500,-7.27900,0.20100,-7.18800,0.17000,-7.37900,0.19000,-7.31200,0.17500,-7.28300,0.35900,-7.20500,0.18700,-7.33700,0.16200,-7.21100,0.16900,-7.18000,0.15300,-7.17100,0.19200,-7.15300,0.13400,-7.12400,0.24600,0,-9999,-9999,-9999,30534806,71.88000,6.42000
-7.22500,107.52500,Bandung,1,0.00100,27.00000,0.02130,3090.00000,0.02260,4275.00000,0.02690,7366.00000,-7.19200,0.19900,-7.23300,0.08800,-7.17500,0.14900,-7.27300,0.24600,-7.54100,0.17200,-7.11300,0.11000,-7.04900,0.08800,-7.27200,0.09700,-9999.00000,-9999.00000,-9.06000,0.24300,-9.03200,0.19900,-8.88600,0.23000,-8.98800,0.23500,-8.96000,0.24200,-8.89100,0.22700,-8.99000,0.19500,-9.14600,0.34900,-9.01800,0.27900,-9.01400,0.19300,-7.50300,0.26200,-7.39200,0.26600,-7.35400,0.24400,-7.25200,0.15100,-7.47100,0.21500,-7.35900,0.16400,-7.36900,0.35200,-7.26400,0.17200,-7.37400,0.17600,-7.26700,0.17700,-7.23400,0.14000,-7.21100,0.20500,-7.22600,0.14900,-7.13200,0.25400,0,-9999,-9999,-9999,30534806,37.11000,8.16000
-7.22500,107.57500,Bandung,1,0.00430,1934.00000,0.07050,15148.00000,0.07400,18683.00000,0.08470,28674.00000,-7.21700,0.18200,-7.23000,0.08200,-7.19900,0.14100,-7.26600,0.22600,-7.56500,0.18400,-7.12500,0.12000,-7.06200,0.09900,-7.27900,0.09200,-9999.00000,-9999.00000,-9.16500,0.24300,-9.15800,0.22300,-9.02700,0.22700,-9.10600,0.24800,-9.08100,0.22900,-9.03700,0.20400,-9.11500,0.19300,-9.29700,0.33200,-9.14000,0.31800,-9.10900,0.22300,-7.61200,0.31000,-7.46800,0.29100,-7.40900,0.27300,-7.30700,0.12900,-7.54300,0.23200,-7.40700,0.17900,-7.40000,0.29800,-7.30000,0.16500,-7.41300,0.18800,-7.32100,0.16500,-7.27100,0.15600,-7.25300,0.20900,-7.26700,0.15900,-7.14600,0.25500,0,-9999,-9999,-9999,30534806,29.07000,8.10000
-7.22500,107.62500,Bandung,1,0.00290,848.00000,0.03650,3472.00000,0.03950,4464.00000,0.04420,7026.00000,-7.24600,0.16300,-7.22700,0.07400,-7.22700,0.13100,-7.25800,0.20500,-7.59100,0.19800,-7.13900,0.13100,-7.07700,0.11000,-7.28600,0.08600,-9999.00000,-9999.00000,-9.26600,0.24200,-9.25400,0.25100,-9.16400,0.21300,-9.22600,0.25900,-9.21700,0.22000,-9.18800,0.16300,-9.22500,0.21200,-9.44400,0.31800,-9.25500,0.31600,-9.20600,0.23500,-7.65800,0.33700,-7.50000,0.30300,-7.41300,0.26600,-7.31900,0.13200,-7.57100,0.24300,-7.43800,0.18400,-7.40600,0.26100,-7.31900,0.16100,-7.41500,0.19300,-7.35100,0.15600,-7.28500,0.18000,-7.27500,0.21400,-7.27000,0.16000,-7.13200,0.28300,0,-9999,-9999,-9999,30534806,42.44000,8.02000
-7.22500,107.67500,Bandung,1,0.00120,567.00000,0.01780,4671.00000,0.01950,6283.00000,0.02330,10469.00000,-7.33200,0.14500,-7.23500,0.07000,-7.27900,0.12400,-7.28100,0.15900,-7.64400,0.20700,-7.18300,0.13900,-7.13100,0.12400,-7.33300,0.07900,-9999.00000,-9999.00000,-9.35600,0.25100,-9.35300,0.26900,-9.29500,0.19500,-9.34900,0.27700,-9.36200,0.22900,-9.33700,0.15800,-9.32300,0.23600,-9.56000,0.28800,-9.38500,0.28000,-9.30100,0.24200,-7.66800,0.33900,-7.51100,0.29400,-7.39200,0.25000,-7.31100,0.14100,-7.56700,0.26200,-7.45700,0.18200,-7.38500,0.26700,-7.31700,0.16300,-7.38400,0.20700,-7.35900,0.16000,-7.25300,0.18700,-7.28300,0.20700,-7.23400,0.17100,-7.10200,0.31300,0,-9999,-9999,-9999,30534806,25.32000,7.00000
-7.22500,107.72500,Bandung,1,0.00020,0.00000,0.00660,2082.00000,0.00760,2911.00000,0.01640,8832.00000,-7.37700,0.14700,-7.23800,0.06900,-7.30200,0.12200,-7.29400,0.14300,-7.66800,0.20700,-7.20900,0.13800,-7.16100,0.12800,-7.35700,0.07700,-9999.00000,-9999.00000,-9.44100,0.25300,-9.44200,0.27300,-9.41500,0.17600,-9.45300,0.28000,-9.48900,0.25100,-9.43700,0.15900,-9.40100,0.26300,-9.64800,0.28900,-9.53700,0.22500,-9.41300,0.26100,-7.64700,0.33200,-7.51500,0.27800,-7.35300,0.23200,-7.29200,0.15800,-7.52600,0.28400,-7.46800,0.18000,-7.34800,0.29800,-7.28200,0.16900,-7.33200,0.20400,-7.31900,0.16300,-7.18000,0.19500,-7.21400,0.20700,-7.18300,0.20100,-7.06000,0.33200,0,-9999,-9999,-9999,30534806,46.43000,6.25000
-7.22500,107.77500,Bandung,1,0.00080,594.00000,0.01720,8785.00000,0.01900,10409.00000,0.03160,18257.00000,-7.47500,0.17100,-7.24300,0.07000,-7.34800,0.11900,-7.32200,0.11900,-7.71200,0.19900,-7.27100,0.12700,-7.23000,0.13100,-7.41000,0.07300,-9999.00000,-9999.00000,-9.50100,0.26100,-9.45000,0.26500,-9.46800,0.14600,-9.50400,0.26800,-9.55200,0.27300,-9.45100,0.16800,-9.43500,0.27100,-9.67700,0.28900,-9.64400,0.19100,-9.48700,0.26100,-7.61200,0.32400,-7.52700,0.27200,-7.32800,0.22400,-7.26700,0.17400,-7.47300,0.28900,-7.46600,0.18500,-7.32800,0.31300,-7.25100,0.17000,-7.29200,0.18700,-7.26300,0.16800,-7.11400,0.17100,-7.15300,0.22700,-7.13800,0.22200,-7.00500,0.35300,0,-9999,-9999,-9999,30534806,23.82000,7.27000
-7.22500,107.82500,Bandung,3,0.02140,22639.00000,0.07160,35506.00000,0.08050,41686.00000,0.10940,57927.00000,-7.52400,0.19700,-7.24400,0.07100,-7.37100,0.11500,-7.34100,0.12900,-7.73300,0.18500,-7.31100,0.11800,-7.27400,0.12800,-7.43900,0.07300,-9999.00000,-9999.00000,-9.53000,0.25800,-9.44200,0.25300,-9.49800,0.15100,-9.51900,0.25200,-9.54200,0.28000,-9.43800,0.16100,-9.44900,0.24600,-9.64300,0.27900,-9.68900,0.17900,-9.52100,0.26700,-7.55500,0.29900,-7.51800,0.28200,-7.30700,0.22000,-7.23400,0.17600,-7.41900,0.28600,-7.43700,0.18800,-7.29200,0.29700,-7.22000,0.16800,-7.23600,0.18100,-7.20300,0.18100,-7.06400,0.15200,-7.10700,0.23700,-7.09500,0.23200,-6.94200,0.38600,0,-9999,-9999,-9999,30534806,18.95000,7.08000
