latitude,longitude,cityname,ghsl_2015_smod,ghsl_bf_1975,ghsl_pop_1975,ghsl_bf_1990,ghsl_pop_1990,ghsl_bf_2000,ghsl_pop_2000,ghsl_bf_2015,ghsl_pop_2015,ERS1993_JAS_mean,ERS1993_JAS_std,ERS1994_JAS_mean,ERS1994_JAS_std,ERS1995_JAS_mean,ERS1995_JAS_std,ERS1996_JAS_mean,ERS1996_JAS_std,ERS1997_JAS_mean,ERS1997_JAS_std,ERS1998_JAS_mean,ERS1998_JAS_std,ERS1999_JAS_mean,ERS1999_JAS_std,ERS2000_JAS_mean,ERS2000_JAS_std,QSCAT1999_JAS_mean,QSCAT1999_JAS_std,QSCAT2000_JAS_mean,QSCAT2000_JAS_std,QSCAT2001_JAS_mean,QSCAT2001_JAS_std,QSCAT2002_JAS_mean,QSCAT2002_JAS_std,QSCAT2003_JAS_mean,QSCAT2003_JAS_std,QSCAT2004_JAS_mean,QSCAT2004_JAS_std,QSCAT2005_JAS_mean,QSCAT2005_JAS_std,QSCAT2006_JAS_mean,QSCAT2006_JAS_std,QSCAT2007_JAS_mean,QSCAT2007_JAS_std,QSCAT2008_JAS_mean,QSCAT2008_JAS_std,QSCAT2009_JAS_mean,QSCAT2009_JAS_std,ASCAT2007_JAS_mean,ASCAT2007_JAS_std,ASCAT2008_JAS_mean,ASCAT2008_JAS_std,ASCAT2009_JAS_mean,ASCAT2009_JAS_std,ASCAT2010_JAS_mean,ASCAT2010_JAS_std,ASCAT2011_JAS_mean,ASCAT2011_JAS_std,ASCAT2012_JAS_mean,ASCAT2012_JAS_std,ASCAT2013_JAS_mean,ASCAT2013_JAS_std,ASCAT2014_JAS_mean,ASCAT2014_JAS_std,ASCAT2015_JAS_mean,ASCAT2015_JAS_std,ASCAT2016_JAS_mean,ASCAT2016_JAS_std,ASCAT2017_JAS_mean,ASCAT2017_JAS_std,ASCAT2018_JAS_mean,ASCAT2018_JAS_std,ASCAT2019_JAS_mean,ASCAT2019_JAS_std,ASCAT2020_JAS_mean,ASCAT2020_JAS_std,Water,density,height,volume,area,gfcc_2015,gfcc_2015_uncertainty
28.92500,76.97500,Delhi,1,0.00560,7715.00000,0.00790,5438.00000,0.01110,8494.00000,0.01160,9065.00000,-9.54300,0.50500,-9.12900,0.36500,-9.25300,0.79600,-9.22900,0.67900,-9.39300,0.43400,-9.17800,0.48900,-9.79300,0.40300,-9.62700,0.79100,-12.30200,0.50200,-11.94700,0.53900,-11.84800,0.56800,-11.97500,0.60100,-11.64800,0.53800,-12.09700,0.49700,-11.76600,0.40100,-11.75000,0.48800,-11.73600,0.45800,-11.49800,0.45000,-11.79700,0.51600,-9.55400,0.39500,-9.00200,0.66800,-9.39900,0.82300,-8.79700,0.96400,-9.05200,0.76700,-9.27500,0.98900,-8.96200,0.77100,-9.31300,0.66500,-9.07000,0.65300,-8.89400,0.60900,-8.78500,0.64000,-8.40700,0.86400,-8.81100,0.45500,-8.67000,0.59400,0,-9999.00000,-9999.00000,-9999.00000,27018452,8.56000,3.30000
28.92500,77.02500,Delhi,1,0.00490,6123.00000,0.01140,5835.00000,0.01890,9382.00000,0.02180,10496.00000,-9.40200,0.49400,-9.06200,0.35600,-9.14100,0.75500,-9.20600,0.66300,-9.26300,0.44000,-9.05800,0.37100,-9.58300,0.29600,-9.46700,0.76100,-12.13600,0.50800,-11.82300,0.49600,-11.78800,0.52300,-11.87800,0.55100,-11.53000,0.52900,-11.95600,0.45200,-11.66400,0.43400,-11.59800,0.46100,-11.62500,0.47200,-11.38600,0.45600,-11.66800,0.50100,-9.44700,0.41500,-8.96700,0.63900,-9.29800,0.71900,-8.69300,0.89200,-8.92400,0.71000,-9.12700,0.90600,-8.82900,0.69300,-9.18100,0.56800,-8.82700,0.56600,-8.74400,0.58200,-8.57700,0.54800,-8.12700,0.78100,-8.54300,0.49200,-8.46900,0.51500,0,-9999.00000,-9999.00000,-9999.00000,27018452,5.90000,2.49000
28.92500,77.07500,Delhi,2,0.01320,17115.00000,0.05740,33875.00000,0.07860,45096.00000,0.09950,64605.00000,-9.34700,0.49900,-9.02500,0.37300,-9.10100,0.75300,-9.14700,0.66400,-9.20900,0.44500,-9.00800,0.36600,-9.52600,0.29400,-9.40200,0.77300,-11.94700,0.50100,-11.66700,0.48200,-11.69600,0.47200,-11.73500,0.50600,-11.38300,0.51000,-11.80200,0.42100,-11.57000,0.44400,-11.43100,0.44500,-11.49700,0.48500,-11.29100,0.46400,-11.50100,0.48400,-9.38000,0.38000,-8.95700,0.59500,-9.26900,0.66000,-8.66800,0.83500,-8.90000,0.68800,-9.03900,0.83400,-8.79400,0.66700,-9.14900,0.51900,-8.73500,0.56400,-8.67500,0.56700,-8.51300,0.53600,-8.05200,0.77400,-8.42100,0.49800,-8.39900,0.49400,0,-9999.00000,-9999.00000,-9999.00000,27018452,5.30000,2.21000
28.92500,77.12500,Delhi,2,0.01770,17159.00000,0.07230,26640.00000,0.09610,33206.00000,0.11830,40726.00000,-9.23600,0.50400,-8.93800,0.39100,-8.98400,0.68800,-9.10200,0.60300,-9.09400,0.43700,-8.88500,0.26300,-9.34200,0.21400,-9.25400,0.73100,-11.77500,0.48000,-11.51900,0.44100,-11.63100,0.45400,-11.63800,0.45500,-11.25300,0.49900,-11.67900,0.40300,-11.48200,0.43500,-11.30700,0.43700,-11.38600,0.44900,-11.21400,0.46000,-11.40800,0.46500,-9.36500,0.37000,-9.08500,0.56100,-9.34400,0.59400,-8.71500,0.76300,-8.95400,0.63800,-9.05000,0.78800,-8.82100,0.63700,-9.18200,0.49300,-8.73700,0.56400,-8.69800,0.56100,-8.52500,0.52800,-8.12500,0.73400,-8.41900,0.50100,-8.41600,0.48400,0,-9999.00000,-9999.00000,-9999.00000,27018452,5.50000,2.24000
28.92500,77.17500,Delhi,1,0.00690,13068.00000,0.02000,14259.00000,0.02810,17624.00000,0.03570,22351.00000,-9.18200,0.51100,-8.89900,0.40500,-8.94700,0.68900,-9.04100,0.60600,-9.04600,0.44300,-8.83800,0.27000,-9.28800,0.21500,-9.19100,0.74300,-11.62000,0.44200,-11.37500,0.40400,-11.55200,0.42700,-11.54400,0.43300,-11.13700,0.45200,-11.60000,0.38500,-11.40700,0.44600,-11.18900,0.42600,-11.29300,0.40800,-11.15800,0.43200,-11.35300,0.43900,-9.38800,0.34800,-9.19300,0.50300,-9.38800,0.56000,-8.79500,0.66600,-9.05900,0.48900,-9.13700,0.70200,-8.91700,0.54700,-9.25700,0.45400,-8.84000,0.51700,-8.82900,0.48800,-8.71700,0.40700,-8.41500,0.65600,-8.59900,0.52900,-8.66700,0.45400,0,-9999.00000,-9999.00000,-9999.00000,27018452,10.08000,3.54000
28.92500,77.22500,Delhi,2,0.01670,106405.00000,0.04040,137818.00000,0.05250,152151.00000,0.05800,168685.00000,-9.11300,0.51800,-8.84400,0.45700,-8.86200,0.63500,-9.00600,0.51200,-8.99900,0.39500,-8.73800,0.23300,-9.17400,0.20600,-9.05900,0.67100,-11.46400,0.38200,-11.20200,0.38300,-11.43100,0.41600,-11.41400,0.41700,-10.98100,0.40100,-11.48800,0.38500,-11.25600,0.46400,-11.07500,0.40800,-11.14900,0.35900,-11.05900,0.41700,-11.26500,0.43500,-9.40900,0.33200,-9.24200,0.43800,-9.38500,0.52600,-8.81900,0.57200,-9.06900,0.41200,-9.20500,0.61400,-8.98500,0.46100,-9.29900,0.41200,-9.02600,0.45600,-8.93500,0.39000,-8.85100,0.29100,-8.60000,0.61100,-8.86100,0.46000,-8.88500,0.43200,0,-9999.00000,-9999.00000,-9999.00000,27018452,5.86000,2.31000
28.92500,77.27500,Delhi,1,0.00670,3170.00000,0.01410,6695.00000,0.01530,6069.00000,0.01620,7477.00000,-9.09300,0.52100,-8.82900,0.46100,-8.84800,0.63700,-8.98300,0.51400,-8.98200,0.39700,-8.71900,0.23800,-9.15400,0.20600,-9.03400,0.67500,-11.30800,0.34200,-11.07200,0.35100,-11.33600,0.40500,-11.30700,0.42300,-10.87900,0.36700,-11.39400,0.40000,-11.15000,0.44800,-10.99100,0.37400,-11.06000,0.32200,-11.00800,0.37900,-11.21800,0.41300,-9.36600,0.31800,-9.23400,0.41900,-9.35400,0.49700,-8.81600,0.54000,-9.01500,0.35500,-9.22400,0.55000,-9.00000,0.41700,-9.29600,0.38100,-9.07600,0.44400,-8.95600,0.36500,-8.88100,0.26700,-8.64400,0.58400,-8.95100,0.45000,-8.97700,0.40900,0,-9999.00000,-9999.00000,-9999.00000,27018452,6.22000,2.43000
28.92500,77.32500,Delhi,0,0.00140,304.00000,0.00160,372.00000,0.00170,324.00000,0.00190,368.00000,-9.08800,0.50700,-8.83000,0.52000,-8.80200,0.61000,-8.99800,0.42500,-9.00500,0.32700,-8.67600,0.24000,-9.11000,0.23000,-8.97600,0.59100,-11.18600,0.31300,-10.94000,0.32800,-11.21700,0.38500,-11.18100,0.44000,-10.78600,0.34200,-11.30500,0.40300,-11.00900,0.44100,-10.91100,0.36200,-10.98200,0.31400,-10.96700,0.33800,-11.17900,0.36800,-9.32900,0.34600,-9.20300,0.40500,-9.30100,0.47200,-8.78100,0.51300,-8.94700,0.31300,-9.18500,0.50800,-8.94900,0.36900,-9.24700,0.35900,-9.05800,0.46000,-8.93700,0.35500,-8.87800,0.25800,-8.64500,0.57400,-8.94500,0.44800,-8.98900,0.40600,0,-9999.00000,-9999.00000,-9999.00000,27018452,6.69000,2.45000
28.92500,77.37500,Delhi,0,0.00020,390.00000,0.00020,333.00000,0.00080,914.00000,0.00100,986.00000,-9.05200,0.50900,-8.79600,0.52300,-8.77600,0.61600,-8.95000,0.43100,-8.97800,0.32800,-8.64000,0.25100,-9.07100,0.23200,-8.92900,0.60400,-11.03500,0.29900,-10.79900,0.30100,-11.05500,0.36200,-11.02400,0.46400,-10.65600,0.31800,-11.16700,0.40500,-10.84500,0.43000,-10.79600,0.36500,-10.88100,0.30200,-10.89400,0.32900,-11.07800,0.36800,-9.28800,0.35400,-9.11600,0.40500,-9.21600,0.44200,-8.72400,0.50900,-8.89400,0.29100,-9.11300,0.48300,-8.87100,0.32100,-9.13900,0.34500,-8.99400,0.46100,-8.88600,0.35100,-8.84600,0.24700,-8.61500,0.58700,-8.90400,0.46500,-8.96900,0.40200,0,-9999.00000,-9999.00000,-9999.00000,27018452,6.52000,2.44000
28.92500,77.42500,Delhi,0,0.00060,0.00000,0.00100,34.00000,0.00210,186.00000,0.00290,380.00000,-9.05000,0.48600,-8.78300,0.56100,-8.74000,0.58500,-8.92900,0.38400,-8.98100,0.30600,-8.60000,0.26700,-9.02100,0.26100,-8.87000,0.55200,-10.90400,0.30200,-10.69900,0.28400,-10.93300,0.36800,-10.87200,0.45900,-10.56600,0.29800,-11.02600,0.39400,-10.70000,0.41300,-10.68100,0.36100,-10.78400,0.27800,-10.83600,0.30400,-10.98200,0.35000,-9.22800,0.34600,-8.97000,0.37100,-9.13400,0.39800,-8.62500,0.53600,-8.81600,0.27900,-9.01000,0.43500,-8.79800,0.30400,-9.05000,0.35100,-8.92500,0.45900,-8.79500,0.33400,-8.78500,0.28600,-8.51800,0.58000,-8.82900,0.47700,-8.91100,0.41300,0,-9999.00000,-9999.00000,-9999.00000,27018452,6.37000,2.44000
28.92500,77.47500,Delhi,0,0.00220,8153.00000,0.00340,6634.00000,0.00500,7595.00000,0.00640,8694.00000,-9.03100,0.48500,-8.76300,0.56100,-8.72700,0.58900,-8.90100,0.39100,-8.96900,0.30600,-8.57800,0.27400,-8.99900,0.26500,-8.83900,0.56100,-10.79900,0.30300,-10.60700,0.25900,-10.80900,0.37700,-10.71800,0.47400,-10.47100,0.26800,-10.86300,0.36300,-10.57900,0.41800,-10.57800,0.36100,-10.69500,0.27500,-10.74900,0.26900,-10.89600,0.32700,-9.10800,0.33400,-8.80700,0.36000,-9.05000,0.39200,-8.41300,0.53700,-8.70200,0.25300,-8.86500,0.41700,-8.66500,0.30000,-8.94100,0.36800,-8.84300,0.45000,-8.68600,0.33800,-8.70600,0.27200,-8.35600,0.61000,-8.67000,0.42900,-8.75900,0.40600,0,-9999.00000,-9999.00000,-9999.00000,27018452,14.09000,3.38000
28.87500,76.97500,Delhi,1,0.00380,7736.00000,0.00660,9847.00000,0.00910,11602.00000,0.01030,13680.00000,-9.40600,0.51600,-9.04800,0.42800,-9.15200,0.78800,-9.06400,0.68200,-9.24000,0.44600,-9.06100,0.45800,-9.65500,0.39600,-9.46300,0.83100,-12.17400,0.49000,-11.78000,0.55000,-11.72800,0.55800,-11.87600,0.63200,-11.50200,0.55500,-11.98900,0.54500,-11.59600,0.48100,-11.60800,0.49200,-11.57400,0.46200,-11.26200,0.47700,-11.61600,0.57100,-9.58200,0.38800,-9.00900,0.67300,-9.41200,0.82800,-8.80400,0.94200,-9.09900,0.78000,-9.30500,1.00600,-9.00200,0.73600,-9.34500,0.66900,-9.14100,0.68200,-8.90900,0.63400,-8.88500,0.66900,-8.41600,0.94200,-8.90400,0.47900,-8.73800,0.58500,0,-9999.00000,-9999.00000,-9999.00000,27031204,6.17000,2.58000
28.87500,77.02500,Delhi,1,0.01070,13084.00000,0.02060,13538.00000,0.02410,13932.00000,0.02550,14644.00000,-9.27600,0.51800,-8.97100,0.43400,-9.05400,0.76600,-8.99500,0.67600,-9.12400,0.45500,-8.94600,0.39900,-9.48800,0.34000,-9.31500,0.82500,-11.96000,0.50000,-11.59300,0.53400,-11.57200,0.52600,-11.70100,0.59400,-11.28100,0.57300,-11.76800,0.51300,-11.39900,0.53600,-11.37400,0.49200,-11.38300,0.49800,-11.05200,0.49400,-11.35200,0.56000,-9.45500,0.41100,-8.93400,0.64700,-9.27800,0.75400,-8.63400,0.88300,-8.92500,0.75600,-9.12300,0.94200,-8.80700,0.68200,-9.17300,0.59500,-8.84500,0.61600,-8.73700,0.62300,-8.60300,0.59000,-8.10400,0.85600,-8.54500,0.50900,-8.46100,0.53100,0,-9999.00000,-9999.00000,-9999.00000,27031204,7.54000,2.96000
28.87500,77.07500,Delhi,2,0.03250,23652.00000,0.11710,36197.00000,0.13500,48903.00000,0.14340,65423.00000,-9.16400,0.52000,-8.90200,0.43200,-8.97100,0.74700,-8.94200,0.67000,-9.03100,0.46400,-8.84600,0.35300,-9.34400,0.29100,-9.19000,0.81700,-11.73700,0.49500,-11.40600,0.53700,-11.44700,0.49400,-11.52500,0.54300,-11.07100,0.58500,-11.55100,0.48600,-11.24000,0.56900,-11.17000,0.49100,-11.20100,0.51300,-10.89000,0.52700,-11.14100,0.55400,-9.35900,0.38500,-8.89400,0.61700,-9.19200,0.68800,-8.54500,0.82800,-8.82100,0.71200,-8.97100,0.85200,-8.69800,0.65300,-9.07300,0.53100,-8.67400,0.59400,-8.61000,0.62600,-8.43500,0.54000,-7.93500,0.81400,-8.29500,0.50200,-8.27500,0.46800,0,-9999.00000,-9999.00000,-9999.00000,27031204,4.96000,2.10000
28.87500,77.12500,Delhi,3,0.05430,83914.00000,0.19950,121546.00000,0.23370,149881.00000,0.25540,180931.00000,-9.12600,0.52100,-8.86500,0.42700,-8.92200,0.71200,-8.95000,0.63300,-8.99700,0.45600,-8.79800,0.30700,-9.26100,0.24400,-9.13300,0.78100,-11.56800,0.47900,-11.27800,0.51900,-11.37400,0.47900,-11.41300,0.48700,-10.92200,0.57600,-11.42700,0.45500,-11.15400,0.55300,-11.04400,0.48500,-11.08800,0.48500,-10.81600,0.53600,-11.04600,0.54900,-9.33300,0.36900,-8.94800,0.59800,-9.19000,0.63000,-8.55200,0.78000,-8.84400,0.63900,-8.96200,0.79700,-8.71100,0.62000,-9.07300,0.50100,-8.64600,0.57900,-8.59200,0.60700,-8.39300,0.51600,-7.93600,0.80500,-8.25000,0.49500,-8.27600,0.46700,0,-9999.00000,-9999.00000,-9999.00000,27031204,4.58000,1.85000
28.87500,77.17500,Delhi,2,0.02290,17007.00000,0.06810,19178.00000,0.08430,22201.00000,0.10360,34047.00000,-9.05100,0.52700,-8.79700,0.43800,-8.85000,0.69600,-8.89000,0.61300,-8.93000,0.45300,-8.71800,0.28700,-9.15500,0.21500,-9.03800,0.77300,-11.35900,0.45600,-11.09200,0.49900,-11.24000,0.46800,-11.26000,0.46900,-10.72400,0.55000,-11.28300,0.44400,-11.01300,0.56300,-10.88100,0.48000,-10.92500,0.43600,-10.69500,0.53300,-10.90900,0.55500,-9.35700,0.34900,-9.08200,0.53300,-9.26100,0.58100,-8.64800,0.68200,-8.94900,0.51600,-9.04600,0.73700,-8.80200,0.56300,-9.15400,0.46300,-8.72400,0.54800,-8.70400,0.55900,-8.53100,0.43200,-8.17300,0.77500,-8.37200,0.52400,-8.45600,0.49000,0,-9999.00000,-9999.00000,-9999.00000,27031204,6.27000,2.66000
28.87500,77.22500,Delhi,2,0.00890,25006.00000,0.02190,37889.00000,0.03020,41027.00000,0.03720,48637.00000,-8.99500,0.52800,-8.74500,0.47300,-8.78400,0.66400,-8.85200,0.54700,-8.89800,0.41400,-8.63500,0.27100,-9.06400,0.20900,-8.93400,0.72400,-11.21100,0.41700,-10.97200,0.48000,-11.17300,0.45700,-11.16800,0.48200,-10.61100,0.50200,-11.21200,0.44300,-10.93400,0.54200,-10.79600,0.46700,-10.84400,0.37700,-10.67100,0.51200,-10.87900,0.54400,-9.40400,0.32500,-9.19300,0.46400,-9.32500,0.54400,-8.77000,0.59300,-9.00600,0.41200,-9.16100,0.63900,-8.94200,0.46600,-9.24300,0.41200,-8.95200,0.47400,-8.87300,0.45200,-8.77500,0.31100,-8.48000,0.67900,-8.71600,0.49700,-8.76200,0.46600,0,-9999.00000,-9999.00000,-9999.00000,27031204,6.47000,2.51000
28.87500,77.27500,Delhi,1,0.02550,40270.00000,0.04310,48794.00000,0.04740,46339.00000,0.05030,48871.00000,-8.94600,0.52900,-8.69900,0.49000,-8.74000,0.65600,-8.80300,0.52500,-8.86500,0.39900,-8.57700,0.27400,-9.00000,0.20800,-8.86100,0.71400,-11.12000,0.38000,-10.91900,0.43700,-11.15900,0.43200,-11.12200,0.48100,-10.58600,0.44300,-11.19500,0.43500,-10.92600,0.50400,-10.77900,0.43000,-10.84700,0.32500,-10.71900,0.46100,-10.93200,0.51800,-9.39600,0.32100,-9.22300,0.43300,-9.34100,0.52000,-8.81700,0.56000,-8.99600,0.36000,-9.20300,0.57800,-8.99400,0.41600,-9.26800,0.38000,-9.05500,0.45700,-8.94600,0.39300,-8.87800,0.26700,-8.61500,0.60600,-8.91500,0.47200,-8.92100,0.42700,0,-9999.00000,-9999.00000,-9999.00000,27031204,5.01000,2.10000
28.87500,77.32500,Delhi,0,0.00040,606.00000,0.00080,940.00000,0.00110,982.00000,0.00160,1363.00000,-8.94100,0.51600,-8.69400,0.52800,-8.70400,0.63900,-8.80200,0.46200,-8.88900,0.34300,-8.53500,0.28200,-8.95800,0.23300,-8.79700,0.65600,-11.00400,0.35500,-10.82300,0.39600,-11.07600,0.41100,-11.02500,0.49000,-10.52200,0.39800,-11.11900,0.43600,-10.82300,0.48200,-10.71100,0.40800,-10.79100,0.31400,-10.70400,0.42100,-10.91400,0.47800,-9.36300,0.34500,-9.19000,0.42700,-9.30900,0.49800,-8.80000,0.55300,-8.93200,0.33300,-9.17900,0.55500,-8.97200,0.39200,-9.23700,0.38700,-9.04100,0.47100,-8.93700,0.38000,-8.88000,0.25700,-8.62700,0.59100,-8.92900,0.47200,-8.94700,0.41600,0,-9999.00000,-9999.00000,-9999.00000,27031204,6.81000,2.64000
28.87500,77.37500,Delhi,0,0.00030,957.00000,0.00040,734.00000,0.00190,3149.00000,0.00260,3830.00000,-8.91900,0.51400,-8.67300,0.53600,-8.68200,0.64000,-8.77300,0.45400,-8.87900,0.33100,-8.50500,0.29000,-8.92600,0.23900,-8.75500,0.65300,-10.89700,0.32900,-10.74300,0.35300,-10.97700,0.39100,-10.92100,0.49600,-10.48800,0.36100,-11.02800,0.43200,-10.72000,0.44300,-10.65100,0.40600,-10.76800,0.30500,-10.70000,0.38700,-10.90900,0.43700,-9.32200,0.35500,-9.10000,0.44600,-9.26400,0.47400,-8.72100,0.57200,-8.85200,0.31800,-9.11600,0.53500,-8.90900,0.35000,-9.15600,0.37400,-8.97500,0.48000,-8.88200,0.37300,-8.84900,0.24300,-8.58400,0.60400,-8.88100,0.47000,-8.92400,0.40700,0,-9999.00000,-9999.00000,-9999.00000,27031204,5.97000,2.41000
28.87500,77.42500,Delhi,0,0.00020,128.00000,0.00050,316.00000,0.00110,668.00000,0.00130,814.00000,-8.99000,0.48900,-8.72400,0.55800,-8.70400,0.60400,-8.84500,0.40600,-8.94400,0.30700,-8.53800,0.28500,-8.95900,0.26700,-8.78500,0.58400,-10.82700,0.32200,-10.68800,0.30900,-10.90900,0.37300,-10.82000,0.46900,-10.47000,0.31900,-10.94300,0.40300,-10.64100,0.41600,-10.60000,0.38500,-10.74500,0.28400,-10.72900,0.34000,-10.91200,0.38600,-9.24000,0.32800,-8.95100,0.41300,-9.13300,0.41800,-8.57400,0.61900,-8.75000,0.29900,-8.99600,0.48200,-8.78700,0.32100,-9.06700,0.37500,-8.87600,0.46500,-8.75100,0.34700,-8.77500,0.28100,-8.47000,0.63800,-8.75500,0.46800,-8.85300,0.40200,0,-9999.00000,-9999.00000,-9999.00000,27031204,6.67000,2.38000
28.87500,77.47500,Delhi,0,0.00060,1736.00000,0.00070,1544.00000,0.00080,2314.00000,0.00090,2765.00000,-8.98500,0.48500,-8.71700,0.56000,-8.69800,0.60400,-8.83400,0.40700,-8.94000,0.30400,-8.52800,0.29000,-8.94800,0.27100,-8.76800,0.58100,-10.75700,0.32300,-10.62900,0.26200,-10.81100,0.36600,-10.68400,0.45800,-10.42400,0.29600,-10.82900,0.36500,-10.55500,0.41400,-10.54200,0.37900,-10.69400,0.29900,-10.68900,0.30000,-10.87200,0.34500,-9.11700,0.31600,-8.78400,0.38100,-9.03100,0.40200,-8.34600,0.64900,-8.62800,0.26300,-8.79600,0.46800,-8.62200,0.33800,-8.93900,0.38000,-8.76200,0.46100,-8.57100,0.36500,-8.65900,0.27600,-8.25900,0.66700,-8.53400,0.47000,-8.64300,0.41700,0,-9999.00000,-9999.00000,-9999.00000,27031204,10.06000,3.04000
28.82500,76.97500,Delhi,2,0.00700,19183.00000,0.02660,36399.00000,0.03900,52037.00000,0.05370,74648.00000,-9.30100,0.52600,-8.98300,0.47700,-9.07400,0.78300,-8.94000,0.68500,-9.12500,0.45700,-8.97000,0.43600,-9.54700,0.38700,-9.33600,0.86000,-11.96800,0.48500,-11.52600,0.58300,-11.51400,0.53600,-11.68100,0.66200,-11.25900,0.57100,-11.74800,0.59500,-11.30900,0.61600,-11.35900,0.53600,-11.33200,0.46800,-10.95000,0.49600,-11.34600,0.66200,-9.49900,0.43400,-8.90300,0.63500,-9.40000,0.80900,-8.62200,0.87800,-9.00000,0.77000,-9.23800,1.02000,-8.92500,0.70500,-9.24800,0.65600,-9.02300,0.63000,-8.75200,0.66900,-8.79900,0.62500,-8.26800,0.93600,-8.80000,0.49500,-8.63600,0.55300,0,-9999.00000,-9999.00000,-9999.00000,27043934,4.67000,1.98000
28.82500,77.02500,Delhi,1,0.01570,20955.00000,0.04120,21648.00000,0.04690,27673.00000,0.05310,39427.00000,-9.24200,0.53000,-8.94200,0.49800,-9.02800,0.78000,-8.88100,0.68400,-9.06700,0.46400,-8.91400,0.42400,-9.47800,0.37200,-9.26500,0.86900,-11.66500,0.51000,-11.23200,0.57500,-11.24600,0.52200,-11.40300,0.62500,-10.88500,0.61500,-11.41400,0.57500,-10.99300,0.67700,-11.01900,0.57300,-11.01200,0.51600,-10.59800,0.52400,-10.94700,0.63700,-9.29000,0.41400,-8.75200,0.59200,-9.17800,0.74200,-8.28400,0.85600,-8.70900,0.78700,-8.90600,0.91900,-8.63100,0.62000,-8.98500,0.55700,-8.68000,0.61700,-8.52400,0.68300,-8.45800,0.57300,-7.93300,0.86800,-8.39000,0.51400,-8.22500,0.47800,0,-9999.00000,-9999.00000,-9999.00000,27043934,7.23000,2.88000
28.82500,77.07500,Delhi,2,0.01970,23977.00000,0.12800,61164.00000,0.13830,80089.00000,0.15560,126627.00000,-9.01300,0.53400,-8.78000,0.48400,-8.84500,0.75400,-8.76300,0.67200,-8.88200,0.47400,-8.70000,0.35800,-9.17700,0.27200,-9.01300,0.85100,-11.41200,0.52100,-11.02300,0.58200,-11.07600,0.50800,-11.17700,0.59500,-10.61300,0.65100,-11.16900,0.56000,-10.77000,0.72000,-10.77500,0.57700,-10.79200,0.53600,-10.38200,0.57300,-10.67500,0.62500,-9.18600,0.35800,-8.68800,0.60700,-9.02900,0.68400,-8.11000,0.80500,-8.50300,0.70100,-8.71900,0.83900,-8.46000,0.62300,-8.85000,0.50500,-8.46900,0.65900,-8.36100,0.68500,-8.21400,0.50800,-7.70800,0.84200,-8.06500,0.48300,-7.94900,0.52400,0,-9999.00000,-9999.00000,-9999.00000,27043934,4.66000,1.94000
28.82500,77.12500,Delhi,3,0.03400,35021.00000,0.19050,72539.00000,0.21240,99598.00000,0.22840,132437.00000,-8.94700,0.53900,-8.72300,0.49800,-8.78600,0.74800,-8.69800,0.66300,-8.82100,0.47300,-8.63300,0.35100,-9.09400,0.25600,-8.93300,0.85400,-11.14600,0.51100,-10.81500,0.60100,-10.91200,0.50100,-10.96200,0.55400,-10.32900,0.67600,-10.92200,0.55100,-10.55900,0.73400,-10.54100,0.56800,-10.55700,0.52900,-10.16900,0.61300,-10.42200,0.62600,-9.17600,0.35000,-8.72300,0.64200,-8.97900,0.65700,-8.10500,0.77700,-8.47200,0.63600,-8.70400,0.79300,-8.41000,0.60900,-8.80200,0.49700,-8.41000,0.67800,-8.28100,0.67300,-8.12100,0.48400,-7.64300,0.84800,-7.96600,0.48900,-7.85500,0.54200,0,-9999.00000,-9999.00000,-9999.00000,27043934,5.02000,1.92000
28.82500,77.17500,Delhi,3,0.03250,30654.00000,0.09410,37534.00000,0.11590,48889.00000,0.13190,65792.00000,-8.83500,0.54600,-8.61200,0.49300,-8.67900,0.71600,-8.63000,0.61900,-8.74200,0.45600,-8.50900,0.31900,-8.92600,0.21000,-8.79300,0.82400,-10.92900,0.50500,-10.63100,0.60600,-10.77300,0.50100,-10.78900,0.54500,-10.09800,0.66500,-10.75000,0.53300,-10.40500,0.72500,-10.37500,0.56200,-10.38300,0.48400,-10.04100,0.62200,-10.24500,0.63800,-9.24200,0.35300,-8.84500,0.60200,-9.03900,0.65000,-8.28900,0.71700,-8.64400,0.57500,-8.82200,0.76200,-8.52700,0.59900,-8.87300,0.49800,-8.48000,0.63200,-8.31600,0.66000,-8.18200,0.47000,-7.74200,0.85900,-8.00700,0.51600,-8.01300,0.50900,0,-9999.00000,-9999.00000,-9999.00000,27043934,6.27000,2.61000
28.82500,77.22500,Delhi,2,0.01070,5538.00000,0.02660,12488.00000,0.04510,26004.00000,0.05290,31983.00000,-8.83800,0.54300,-8.61200,0.49800,-8.67500,0.70300,-8.64300,0.59500,-8.75400,0.44000,-8.50100,0.31300,-8.91700,0.21000,-8.77800,0.80100,-10.82800,0.48600,-10.58100,0.59900,-10.74800,0.49000,-10.74600,0.55600,-10.04700,0.62600,-10.73000,0.52300,-10.39700,0.67800,-10.33200,0.53500,-10.36200,0.43700,-10.05900,0.61100,-10.25500,0.63600,-9.34200,0.33600,-9.04500,0.53500,-9.18600,0.61700,-8.52700,0.67300,-8.82700,0.48000,-9.00600,0.70300,-8.74800,0.54300,-9.06900,0.46800,-8.70800,0.57000,-8.56800,0.58900,-8.44800,0.40800,-8.06700,0.83400,-8.26000,0.52900,-8.36100,0.52700,0,-9999.00000,-9999.00000,-9999.00000,27043934,6.72000,2.77000
28.82500,77.27500,Delhi,1,0.01110,5844.00000,0.02890,11031.00000,0.03450,13600.00000,0.03940,19699.00000,-8.83400,0.53500,-8.59600,0.51100,-8.65400,0.67100,-8.66100,0.53400,-8.77300,0.40000,-8.46500,0.30400,-8.87900,0.20900,-8.72400,0.74000,-10.76000,0.45500,-10.58100,0.57300,-10.77200,0.47200,-10.74500,0.56100,-10.04200,0.57700,-10.75100,0.52500,-10.41300,0.63500,-10.32500,0.52100,-10.40000,0.39700,-10.13200,0.58900,-10.32700,0.62400,-9.39700,0.34200,-9.13300,0.48400,-9.27200,0.55900,-8.70400,0.62200,-8.88100,0.41200,-9.10100,0.64300,-8.91600,0.44900,-9.18100,0.44100,-8.89000,0.55700,-8.76300,0.50500,-8.72400,0.31100,-8.36100,0.75700,-8.57700,0.55500,-8.62200,0.53900,0,-9999.00000,-9999.00000,-9999.00000,27043934,5.24000,2.23000
28.82500,77.32500,Delhi,1,0.00330,6946.00000,0.00780,10825.00000,0.01170,14027.00000,0.01300,13970.00000,-8.82900,0.52900,-8.58200,0.52400,-8.63100,0.66600,-8.64900,0.50800,-8.77800,0.37200,-8.43600,0.31100,-8.85000,0.22000,-8.68100,0.71100,-10.68500,0.42900,-10.55600,0.53600,-10.76800,0.45600,-10.71900,0.57400,-10.04300,0.52100,-10.75000,0.52100,-10.40700,0.58000,-10.30600,0.50500,-10.42200,0.37500,-10.19300,0.55800,-10.37700,0.61000,-9.38100,0.36400,-9.12800,0.47500,-9.28000,0.52400,-8.72900,0.61800,-8.85300,0.38000,-9.11200,0.60800,-8.93400,0.41500,-9.19900,0.42300,-8.94300,0.52600,-8.83500,0.45400,-8.81000,0.26900,-8.48400,0.68600,-8.72200,0.55400,-8.75300,0.50200,0,-9999.00000,-9999.00000,-9999.00000,27043934,5.71000,2.21000
28.82500,77.37500,Delhi,1,0.00000,147.00000,0.00020,143.00000,0.00200,2087.00000,0.00260,2602.00000,-8.85200,0.51500,-8.59500,0.54000,-8.62400,0.65500,-8.67300,0.46800,-8.81800,0.32800,-8.42800,0.31300,-8.84200,0.23900,-8.65300,0.66000,-10.69100,0.39600,-10.59800,0.45800,-10.81800,0.42900,-10.74300,0.55200,-10.16600,0.46000,-10.80300,0.48400,-10.46300,0.51700,-10.38200,0.46100,-10.53700,0.34400,-10.34700,0.50600,-10.55100,0.55200,-9.34300,0.37100,-9.06600,0.47100,-9.25400,0.50200,-8.66700,0.65000,-8.79300,0.35200,-9.07000,0.57500,-8.87600,0.37600,-9.16800,0.41200,-8.91100,0.50900,-8.80100,0.40600,-8.80400,0.26800,-8.48000,0.67700,-8.73100,0.52400,-8.79700,0.45300,0,-9999.00000,-9999.00000,-9999.00000,27043934,5.33000,2.25000
28.82500,77.42500,Delhi,0,0.00010,60.00000,0.00030,104.00000,0.00090,278.00000,0.00150,1632.00000,-8.88200,0.49900,-8.61500,0.54900,-8.63300,0.64000,-8.69700,0.45200,-8.84600,0.31400,-8.43400,0.31700,-8.84900,0.25700,-8.65000,0.62900,-10.69300,0.37400,-10.62500,0.38200,-10.83900,0.39700,-10.72600,0.52000,-10.25700,0.41000,-10.80600,0.44200,-10.49300,0.46300,-10.42800,0.42900,-10.61000,0.32200,-10.46300,0.45700,-10.68300,0.49800,-9.26700,0.35900,-8.96600,0.44800,-9.17300,0.47000,-8.52000,0.70200,-8.69900,0.32100,-8.95700,0.54800,-8.76200,0.35700,-9.09000,0.41300,-8.83000,0.48900,-8.67100,0.38600,-8.73200,0.29100,-8.37700,0.72200,-8.59900,0.53000,-8.72700,0.43600,0,-9999.00000,-9999.00000,-9999.00000,27043934,7.28000,2.54000
28.82500,77.47500,Delhi,0,0.00020,4.00000,0.00090,168.00000,0.00130,608.00000,0.00220,1866.00000,-8.92800,0.47900,-8.65300,0.55800,-8.65600,0.62300,-8.73900,0.43600,-8.88900,0.30000,-8.45500,0.31900,-8.87300,0.27700,-8.66100,0.59500,-10.70300,0.36500,-10.63700,0.32100,-10.84400,0.36100,-10.68100,0.48000,-10.32200,0.35800,-10.79700,0.40200,-10.48800,0.43500,-10.46700,0.41100,-10.64600,0.32300,-10.55300,0.40200,-10.75700,0.44700,-9.17300,0.34900,-8.86700,0.41700,-9.08900,0.43600,-8.38500,0.70800,-8.61400,0.28700,-8.81100,0.54400,-8.65400,0.36700,-9.00700,0.40600,-8.75300,0.48200,-8.53800,0.38300,-8.65200,0.29700,-8.24900,0.72400,-8.46300,0.54700,-8.61300,0.43400,0,-9999.00000,-9999.00000,-9999.00000,27043934,8.56000,2.78000
28.77500,76.97500,Delhi,1,0.00650,7082.00000,0.02840,11829.00000,0.03150,17313.00000,0.03200,25717.00000,-9.13500,0.54300,-8.86800,0.56700,-8.94700,0.77800,-8.73700,0.68800,-8.94700,0.48100,-8.81500,0.41000,-9.36800,0.36200,-9.13000,0.90400,-11.61300,0.50600,-11.12400,0.58700,-11.16500,0.52300,-11.30900,0.69100,-10.79600,0.59400,-11.29700,0.62200,-10.84600,0.75600,-10.92300,0.62000,-10.89700,0.48400,-10.45900,0.53200,-10.87000,0.71900,-9.24000,0.48400,-8.66500,0.56100,-9.27100,0.76500,-8.14600,0.88100,-8.63200,0.78700,-8.88900,0.96700,-8.61400,0.63700,-8.85800,0.62600,-8.63300,0.59400,-8.31800,0.71100,-8.41900,0.59100,-7.89700,0.92000,-8.33200,0.57200,-8.12600,0.49800,0,-9999.00000,-9999.00000,-9999.00000,27056644,3.85000,1.91000
28.77500,77.02500,Delhi,1,0.02130,21332.00000,0.11350,43597.00000,0.13100,59038.00000,0.15100,83583.00000,-9.11500,0.54500,-8.85400,0.57100,-8.93200,0.77700,-8.72000,0.68800,-8.92900,0.48300,-8.79600,0.40700,-9.34600,0.35700,-9.10800,0.90600,-11.29500,0.51900,-10.82300,0.60700,-10.89100,0.50700,-11.00100,0.64900,-10.39900,0.65200,-10.93600,0.62400,-10.49800,0.81100,-10.56700,0.64300,-10.56100,0.51700,-10.09500,0.57500,-10.45000,0.72400,-8.95500,0.42300,-8.41800,0.57000,-8.87300,0.78300,-7.61200,0.85200,-8.22100,0.74900,-8.42600,0.85800,-8.19600,0.60800,-8.54200,0.52100,-8.19600,0.72900,-8.00400,0.73300,-7.97700,0.53600,-7.55100,0.87300,-7.81800,0.53100,-7.62700,0.52300,0,-9999.00000,-9999.00000,-9999.00000,27056644,4.90000,2.01000
28.77500,77.07500,Delhi,3,0.02590,21955.00000,0.22170,62478.00000,0.25930,94042.00000,0.31000,146100.00000,-8.88800,0.54600,-8.67600,0.52700,-8.73800,0.76000,-8.61100,0.67300,-8.75600,0.48200,-8.57700,0.36500,-9.03700,0.25600,-8.86500,0.87800,-10.95200,0.53400,-10.51400,0.62600,-10.60300,0.51100,-10.67000,0.62000,-9.99300,0.72000,-10.59000,0.61300,-10.14800,0.84900,-10.22200,0.63800,-10.23100,0.55000,-9.74500,0.64200,-10.04500,0.69800,-8.77100,0.42200,-8.22800,0.60300,-8.56700,0.77000,-7.38100,0.82600,-7.92300,0.71000,-8.14900,0.81800,-7.89100,0.60800,-8.26400,0.48000,-7.89500,0.78200,-7.71200,0.73500,-7.65000,0.52000,-7.21300,0.87100,-7.50000,0.53300,-7.28900,0.60400,0,-9999.00000,-9999.00000,-9999.00000,27056644,4.15000,1.71000
28.77500,77.12500,Delhi,3,0.08860,82171.00000,0.33780,131430.00000,0.35780,163940.00000,0.36280,212116.00000,-8.84700,0.55000,-8.63600,0.53900,-8.69900,0.76300,-8.55600,0.67300,-8.71100,0.48200,-8.53400,0.37400,-8.98600,0.25000,-8.81300,0.88200,-10.63500,0.55000,-10.25000,0.66700,-10.35900,0.51300,-10.38300,0.61100,-9.62200,0.76200,-10.28400,0.61200,-9.86400,0.86900,-9.92000,0.61600,-9.93800,0.54900,-9.44500,0.66200,-9.69100,0.68900,-8.52000,0.36800,-8.05000,0.64900,-8.25100,0.77100,-7.20700,0.78700,-7.65200,0.65500,-7.87400,0.76000,-7.55300,0.61400,-7.97800,0.42700,-7.55700,0.81600,-7.37800,0.70000,-7.35500,0.49100,-6.85300,0.88300,-7.15600,0.50600,-6.91500,0.66200,0,-9999.00000,-9999.00000,-9999.00000,27056644,4.77000,1.94000
28.77500,77.17500,Delhi,3,0.12020,83407.00000,0.33770,153517.00000,0.34740,188137.00000,0.35000,242286.00000,-8.73300,0.55200,-8.50800,0.51500,-8.58300,0.72700,-8.49200,0.61800,-8.63800,0.45300,-8.39600,0.35000,-8.80400,0.20400,-8.66100,0.83500,-10.42700,0.55700,-10.08800,0.68800,-10.23000,0.50400,-10.21100,0.61300,-9.40900,0.77000,-10.11200,0.59600,-9.71200,0.85500,-9.76700,0.59600,-9.77300,0.51900,-9.33900,0.68400,-9.51300,0.67600,-8.63800,0.38100,-8.14000,0.69000,-8.23700,0.72000,-7.35800,0.83200,-7.69900,0.72300,-8.04700,0.69500,-7.65600,0.61500,-7.94500,0.49000,-7.51900,0.70300,-7.29800,0.71900,-7.32100,0.47800,-6.77600,0.93100,-6.97900,0.56000,-6.84200,0.69000,0,-9999.00000,-9999.00000,-9999.00000,27056644,4.38000,1.88000
28.77500,77.22500,Delhi,2,0.03170,8443.00000,0.11070,47059.00000,0.12160,66781.00000,0.12780,95271.00000,-8.69100,0.55500,-8.46400,0.52400,-8.54300,0.73100,-8.43400,0.61800,-8.59500,0.45200,-8.34900,0.36400,-8.75300,0.20200,-8.60600,0.83900,-10.35300,0.54500,-10.08600,0.67500,-10.24100,0.49100,-10.21100,0.63400,-9.39800,0.74900,-10.12800,0.59200,-9.74200,0.78700,-9.75100,0.58700,-9.78400,0.47800,-9.36800,0.70300,-9.54700,0.67200,-8.99100,0.44300,-8.47200,0.64200,-8.65700,0.74600,-7.76500,0.85100,-8.08900,0.74300,-8.38500,0.72900,-8.04900,0.64500,-8.25400,0.56300,-7.93100,0.73100,-7.65300,0.76700,-7.75100,0.42500,-7.09000,0.96700,-7.35800,0.66900,-7.31200,0.74600,0,-9999.00000,-9999.00000,-9999.00000,27056644,5.10000,2.12000
28.77500,77.27500,Delhi,3,0.05320,30437.00000,0.32830,109502.00000,0.34940,161059.00000,0.35270,234349.00000,-8.69500,0.54400,-8.44100,0.52900,-8.52600,0.69500,-8.46400,0.54300,-8.64200,0.39400,-8.30500,0.34800,-8.70800,0.20500,-8.53200,0.75400,-10.29500,0.53500,-10.10700,0.67300,-10.25400,0.48800,-10.22000,0.66700,-9.39200,0.71300,-10.14700,0.59200,-9.75800,0.75600,-9.72900,0.59000,-9.81100,0.46000,-9.40900,0.70100,-9.59300,0.67000,-9.09900,0.51800,-8.59900,0.67500,-8.79600,0.70700,-7.94300,0.89000,-8.22400,0.65400,-8.49700,0.72500,-8.25300,0.62800,-8.51400,0.65000,-8.09400,0.72200,-7.85600,0.75600,-7.87200,0.44100,-7.28200,1.06800,-7.45300,0.71600,-7.43200,0.73400,0,-9999.00000,-9999.00000,-9999.00000,27056644,3.78000,1.62000
28.77500,77.32500,Delhi,1,0.00690,1358.00000,0.04920,8460.00000,0.06810,18623.00000,0.07190,31075.00000,-8.67700,0.54500,-8.42100,0.53100,-8.51000,0.69800,-8.43800,0.54400,-8.62500,0.39300,-8.28400,0.35300,-8.68600,0.20500,-8.50700,0.75500,-10.30400,0.52000,-10.19700,0.63200,-10.36400,0.49100,-10.32600,0.67200,-9.50300,0.66800,-10.26800,0.59300,-9.87800,0.69700,-9.80200,0.57900,-9.95000,0.43200,-9.57500,0.67200,-9.74400,0.67300,-9.28000,0.48600,-8.85200,0.63900,-9.07700,0.62400,-8.23300,0.85100,-8.42400,0.60700,-8.71300,0.75700,-8.57200,0.54100,-8.86500,0.65300,-8.41500,0.76900,-8.27700,0.68700,-8.25500,0.38800,-7.81700,0.95700,-7.96600,0.75700,-7.97700,0.75200,0,-9999.00000,-9999.00000,-9999.00000,27056644,3.56000,1.68000
28.77500,77.37500,Delhi,1,0.00040,0.00000,0.00310,271.00000,0.00800,2003.00000,0.00860,2395.00000,-8.78900,0.51600,-8.52300,0.54300,-8.57000,0.66900,-8.58000,0.48100,-8.76100,0.32400,-8.35600,0.33400,-8.76200,0.23900,-8.55800,0.66700,-10.39100,0.48000,-10.36100,0.57200,-10.54900,0.46500,-10.46000,0.62500,-9.74500,0.60300,-10.46200,0.57700,-10.07200,0.63200,-10.00600,0.53300,-10.17600,0.39100,-9.84100,0.62300,-10.03300,0.63100,-9.29800,0.42200,-8.92600,0.57200,-9.13500,0.60400,-8.36300,0.83800,-8.59000,0.45100,-8.83200,0.67300,-8.71200,0.45300,-9.02100,0.56100,-8.66000,0.67200,-8.50100,0.57100,-8.52600,0.35700,-8.13600,0.86800,-8.32700,0.67400,-8.43300,0.61700,0,-9999.00000,-9999.00000,-9999.00000,27056644,3.83000,1.82000
28.77500,77.42500,Delhi,1,0.00010,0.00000,0.00100,205.00000,0.00310,1331.00000,0.00390,2755.00000,-8.78200,0.51000,-8.51500,0.54400,-8.56600,0.67200,-8.56600,0.48500,-8.75600,0.32400,-8.34500,0.34100,-8.75300,0.24100,-8.54300,0.66200,-10.49500,0.44600,-10.49300,0.49000,-10.69500,0.44500,-10.56300,0.59000,-9.95400,0.54800,-10.59000,0.51300,-10.24200,0.56900,-10.15500,0.49700,-10.35800,0.36100,-10.06100,0.58300,-10.29700,0.58600,-9.22600,0.38400,-8.89900,0.48000,-9.10700,0.53400,-8.34300,0.81000,-8.56000,0.37700,-8.77500,0.62300,-8.64700,0.44300,-9.00100,0.49700,-8.66100,0.55800,-8.46300,0.49300,-8.56300,0.34600,-8.16300,0.84100,-8.32500,0.62300,-8.48000,0.54100,0,-9999.00000,-9999.00000,-9999.00000,27056644,5.88000,2.29000
28.77500,77.47500,Delhi,1,0.01120,13489.00000,0.04000,29929.00000,0.05310,50358.00000,0.06300,97998.00000,-8.91700,0.47000,-8.63600,0.56000,-8.65400,0.63100,-8.70600,0.45200,-8.87500,0.30500,-8.43700,0.33400,-8.85200,0.28000,-8.62700,0.59400,-10.62800,0.41300,-10.60800,0.39300,-10.83200,0.38300,-10.63900,0.52500,-10.16400,0.45700,-10.70800,0.45500,-10.36400,0.50300,-10.32100,0.46300,-10.53300,0.35000,-10.29600,0.50400,-10.52800,0.53300,-9.17100,0.37500,-8.88600,0.43000,-9.09800,0.47600,-8.37200,0.75000,-8.56900,0.32300,-8.75900,0.57500,-8.62400,0.40100,-8.98300,0.44000,-8.68400,0.51800,-8.45800,0.43800,-8.59900,0.33100,-8.15700,0.80000,-8.35300,0.58700,-8.49100,0.49000,0,-9999.00000,-9999.00000,-9999.00000,27056644,5.97000,2.22000
28.72500,76.97500,Delhi,2,0.01560,9834.00000,0.06910,15151.00000,0.07790,23877.00000,0.08440,38919.00000,-9.20400,0.54400,-8.92500,0.63200,-9.00100,0.78700,-8.71800,0.70000,-8.97900,0.49400,-8.89600,0.43400,-9.45800,0.39200,-9.18700,0.91600,-11.41900,0.53800,-10.91500,0.60800,-10.97600,0.53600,-11.11200,0.72500,-10.55000,0.62600,-11.01100,0.62100,-10.58700,0.81600,-10.65900,0.66500,-10.64700,0.47500,-10.17400,0.56300,-10.63900,0.80100,-8.92100,0.54800,-8.38300,0.53500,-9.02600,0.80500,-7.70000,0.89800,-8.24900,0.75000,-8.44400,0.86500,-8.20300,0.63000,-8.37200,0.63900,-8.08600,0.70900,-7.75500,0.73500,-7.87500,0.53000,-7.37300,0.88400,-7.67600,0.60100,-7.53400,0.57600,0,-9999.00000,-9999.00000,-9999.00000,27069334,3.55000,1.69000
28.72500,77.02500,Delhi,2,0.02290,15823.00000,0.20690,105671.00000,0.22490,157065.00000,0.22830,223863.00000,-9.00200,0.55300,-8.76200,0.61800,-8.83500,0.78000,-8.57800,0.69800,-8.80000,0.50200,-8.68600,0.42600,-9.20800,0.33200,-8.96600,0.91600,-11.02100,0.54000,-10.51100,0.62500,-10.59700,0.51800,-10.67900,0.67900,-10.01900,0.69600,-10.55100,0.64400,-10.11000,0.89000,-10.19300,0.67300,-10.20200,0.51000,-9.68400,0.62000,-10.06900,0.78600,-8.34500,0.59000,-7.81300,0.63800,-8.29400,0.82900,-6.96200,0.86100,-7.56900,0.73700,-7.72200,0.78000,-7.52700,0.64700,-7.68800,0.59500,-7.36200,0.80500,-7.09900,0.74100,-7.20600,0.51200,-6.69800,0.88500,-6.90700,0.61600,-6.81100,0.62400,0,-9999.00000,-9999.00000,-9999.00000,27069334,4.58000,1.88000
28.72500,77.07500,Delhi,3,0.06410,70371.00000,0.55470,332898.00000,0.56470,431207.00000,0.56860,595948.00000,-8.81900,0.56000,-8.60200,0.59600,-8.66900,0.77600,-8.45100,0.68400,-8.65100,0.49400,-8.50000,0.41300,-8.96200,0.26800,-8.76200,0.90300,-10.57700,0.54800,-10.08800,0.66000,-10.18700,0.51100,-10.21400,0.64000,-9.46400,0.78900,-10.06700,0.65500,-9.62200,0.92400,-9.71900,0.65500,-9.72800,0.53700,-9.18100,0.67800,-9.49000,0.75500,-7.62300,0.54000,-7.09600,0.68300,-7.37500,0.80500,-6.20800,0.80600,-6.75600,0.73000,-6.85900,0.70300,-6.69900,0.68200,-6.94100,0.53000,-6.52600,0.78600,-6.34800,0.75500,-6.46000,0.48700,-5.94200,0.87800,-6.15600,0.54900,-5.96600,0.66900,0,-9999.00000,-9999.00000,-9999.00000,27069334,3.35000,1.48000
28.72500,77.12500,Delhi,3,0.19190,152957.00000,0.70500,370081.00000,0.70740,478017.00000,0.71220,670370.00000,-8.70200,0.56500,-8.49600,0.58100,-8.56200,0.77600,-8.36400,0.67300,-8.55500,0.48500,-8.38000,0.40800,-8.80600,0.23000,-8.63100,0.89500,-10.20300,0.56700,-9.75400,0.69200,-9.86700,0.50500,-9.85200,0.63400,-9.02800,0.83700,-9.69300,0.63500,-9.25800,0.93700,-9.36200,0.63700,-9.37000,0.53700,-8.82000,0.70200,-9.05100,0.71300,-7.09100,0.46300,-6.62600,0.64800,-6.77400,0.72900,-5.75400,0.77500,-6.22200,0.68600,-6.27800,0.64900,-6.14700,0.64100,-6.45300,0.47400,-6.01500,0.72300,-5.80900,0.75800,-5.98400,0.46000,-5.47600,0.83500,-5.67700,0.54500,-5.51600,0.68700,0,-9999.00000,-9999.00000,-9999.00000,27069334,4.10000,1.62000
28.72500,77.17500,Delhi,3,0.40220,345231.00000,0.70790,438874.00000,0.70860,561115.00000,0.70870,761983.00000,-8.64800,0.56100,-8.42500,0.54900,-8.50400,0.74800,-8.35200,0.63200,-8.53600,0.45900,-8.30600,0.39000,-8.71200,0.20700,-8.55200,0.85900,-9.99200,0.57700,-9.61600,0.71200,-9.74900,0.49400,-9.70000,0.65900,-8.83900,0.84000,-9.55100,0.61600,-9.11900,0.91300,-9.21300,0.61600,-9.23900,0.51800,-8.70900,0.72200,-8.89000,0.69200,-7.04100,0.43600,-6.57500,0.62900,-6.65400,0.65900,-5.72700,0.78500,-6.13600,0.67200,-6.27300,0.61700,-6.06700,0.57600,-6.32000,0.46700,-5.94500,0.65700,-5.69000,0.75600,-5.91500,0.44600,-5.35300,0.83800,-5.54300,0.59600,-5.44800,0.69800,0,-9999.00000,-9999.00000,-9999.00000,27069334,3.61000,1.60000
28.72500,77.22500,Delhi,3,0.22220,132609.00000,0.39750,264919.00000,0.40950,327823.00000,0.41350,418488.00000,-8.60800,0.55800,-8.38000,0.54200,-8.46500,0.74100,-8.31800,0.61700,-8.51300,0.45000,-8.25500,0.39200,-8.65200,0.19900,-8.49800,0.84600,-9.86600,0.58100,-9.58300,0.71500,-9.71000,0.49700,-9.66100,0.69200,-8.76200,0.83600,-9.50800,0.62100,-9.09000,0.85700,-9.15200,0.60800,-9.19200,0.49000,-8.68200,0.74300,-8.85700,0.67200,-7.32200,0.56100,-6.76800,0.70300,-6.90300,0.79500,-5.90700,0.89800,-6.27800,0.74900,-6.52500,0.65200,-6.24200,0.59100,-6.47200,0.52300,-6.16500,0.66200,-5.84600,0.81600,-6.13800,0.42000,-5.38700,0.93500,-5.60700,0.66300,-5.57600,0.78200,0,-9999.00000,-9999.00000,-9999.00000,27069334,5.10000,2.04000
28.72500,77.27500,Delhi,3,0.16400,300224.00000,0.78900,683242.00000,0.79390,897416.00000,0.79560,1237209.00000,-8.63100,0.54000,-8.38000,0.53700,-8.47300,0.71300,-8.36700,0.56100,-8.57700,0.40200,-8.24000,0.37600,-8.64100,0.20400,-8.45900,0.77100,-9.88800,0.57100,-9.70500,0.70700,-9.81900,0.50000,-9.76900,0.73000,-8.85500,0.81500,-9.62600,0.62800,-9.21500,0.80600,-9.22700,0.62000,-9.31900,0.49100,-8.82100,0.73600,-8.97900,0.67300,-7.57800,0.67700,-6.92400,0.76000,-7.14900,0.78000,-6.12100,0.97900,-6.45700,0.73500,-6.65200,0.66100,-6.44300,0.64400,-6.67300,0.63900,-6.28400,0.74900,-6.05300,0.82500,-6.23200,0.49800,-5.55300,1.03900,-5.73300,0.65800,-5.72200,0.74900,0,-9999.00000,-9999.00000,-9999.00000,27069334,2.18000,1.23000
28.72500,77.32500,Delhi,3,0.05190,28435.00000,0.36450,168631.00000,0.38560,240079.00000,0.45320,374564.00000,-8.62100,0.53200,-8.36600,0.53800,-8.46200,0.71100,-8.35500,0.55200,-8.57600,0.39200,-8.21900,0.38000,-8.62200,0.20400,-8.43000,0.75600,-10.00200,0.55100,-9.90500,0.68300,-10.03600,0.50300,-9.96900,0.72900,-9.08400,0.78200,-9.85300,0.63000,-9.46800,0.75300,-9.40900,0.62000,-9.54900,0.47000,-9.07800,0.71800,-9.24600,0.67500,-8.09300,0.66300,-7.58100,0.72800,-7.73900,0.80000,-6.71300,1.07700,-6.99700,0.70700,-7.31500,0.73100,-7.16600,0.67200,-7.38900,0.77200,-6.92800,0.86700,-6.81800,0.80400,-6.81300,0.45500,-6.27100,1.15100,-6.39000,0.74200,-6.47000,0.85700,0,-9999.00000,-9999.00000,-9999.00000,27069334,3.34000,1.51000
28.72500,77.37500,Delhi,1,0.01620,5457.00000,0.05780,7278.00000,0.07220,13242.00000,0.08630,24363.00000,-8.73200,0.50200,-8.46300,0.54500,-8.53400,0.68800,-8.48900,0.50600,-8.71000,0.33200,-8.29200,0.36500,-8.70300,0.23800,-8.47700,0.66700,-10.19100,0.51900,-10.16800,0.61300,-10.32700,0.48400,-10.20900,0.69500,-9.43200,0.71200,-10.12900,0.60900,-9.74000,0.70800,-9.66600,0.59300,-9.84200,0.43300,-9.40500,0.67900,-9.59100,0.65200,-8.51900,0.61900,-8.01800,0.72500,-8.27400,0.84900,-7.12200,1.11900,-7.45500,0.61700,-7.69500,0.69200,-7.67700,0.62700,-7.92100,0.68700,-7.46300,0.92300,-7.29200,0.72300,-7.32900,0.43400,-6.80600,1.08200,-6.95100,0.76500,-7.11400,0.75600,0,-9999.00000,-9999.00000,-9999.00000,27069334,5.11000,2.02000
28.72500,77.42500,Delhi,1,0.01680,2471.00000,0.06210,10895.00000,0.09420,27983.00000,0.10910,48814.00000,-8.72900,0.49700,-8.45700,0.54600,-8.53300,0.69000,-8.48000,0.50800,-8.70900,0.32900,-8.28500,0.37000,-8.69700,0.24100,-8.46400,0.66000,-10.39800,0.48800,-10.41100,0.53400,-10.60400,0.46000,-10.43100,0.63300,-9.76900,0.63700,-10.39500,0.56700,-10.01100,0.64800,-9.94400,0.55400,-10.14700,0.39400,-9.73300,0.62700,-9.94900,0.61600,-8.83500,0.48000,-8.41400,0.58200,-8.58200,0.69500,-7.65900,1.02100,-7.95000,0.44800,-8.11700,0.68500,-8.09900,0.55400,-8.41100,0.61900,-7.83200,0.73600,-7.64600,0.67900,-7.74100,0.44000,-7.33600,1.00400,-7.45200,0.77500,-7.62300,0.65800,0,-9999.00000,-9999.00000,-9999.00000,27069334,3.53000,1.67000
28.72500,77.47500,Delhi,2,0.02740,9160.00000,0.08410,23637.00000,0.11030,49949.00000,0.13620,93113.00000,-8.90800,0.46000,-8.62000,0.56100,-8.65500,0.64100,-8.67400,0.47000,-8.86200,0.31300,-8.42000,0.35100,-8.83100,0.28200,-8.59500,0.59000,-10.61000,0.44100,-10.61400,0.43300,-10.86000,0.42400,-10.61300,0.56100,-10.09600,0.53500,-10.65100,0.48500,-10.26600,0.57000,-10.22800,0.48700,-10.43400,0.37800,-10.09900,0.54300,-10.31900,0.57800,-8.97600,0.41800,-8.73600,0.48800,-8.82300,0.59600,-7.99200,0.90300,-8.22700,0.38900,-8.43100,0.64200,-8.37600,0.52200,-8.70600,0.56500,-8.21400,0.65900,-8.04300,0.57000,-8.13400,0.41400,-7.78400,0.93400,-7.86600,0.70600,-7.90500,0.58800,0,-9999.00000,-9999.00000,-9999.00000,27069334,5.18000,1.99000
28.67500,76.97500,Delhi,3,0.07050,122394.00000,0.24280,138789.00000,0.26270,163195.00000,0.27750,203358.00000,-9.29300,0.54100,-9.01300,0.70200,-9.08900,0.79200,-8.72200,0.72300,-9.02000,0.51600,-9.00800,0.45200,-9.57000,0.42500,-9.27200,0.93200,-11.33300,0.55000,-10.85200,0.62100,-10.91100,0.55600,-11.03200,0.73700,-10.43500,0.64300,-10.87000,0.62400,-10.45900,0.85300,-10.52600,0.67600,-10.50100,0.47200,-9.98900,0.60000,-10.50500,0.85000,-8.64000,0.60000,-8.13600,0.59100,-8.72100,0.84000,-7.40400,0.91700,-7.98900,0.76100,-8.07800,0.80600,-7.89800,0.66500,-8.02600,0.63600,-7.71200,0.78600,-7.42100,0.76600,-7.52100,0.53500,-6.97700,0.84800,-7.27200,0.65700,-7.23300,0.61800,0,-9999.00000,-9999.00000,-9999.00000,27082004,3.95000,1.72000
28.67500,77.02500,Delhi,3,0.04020,53458.00000,0.41050,218590.00000,0.42790,278808.00000,0.44090,375675.00000,-8.93000,0.55800,-8.70400,0.64900,-8.77400,0.78500,-8.48500,0.70700,-8.71600,0.51400,-8.61700,0.44100,-9.11500,0.31500,-8.87700,0.92000,-10.80900,0.55700,-10.29300,0.65600,-10.37200,0.52600,-10.44500,0.69700,-9.71400,0.71700,-10.24300,0.64000,-9.80400,0.93700,-9.88100,0.67500,-9.89100,0.49400,-9.32600,0.65700,-9.74500,0.81900,-7.85100,0.63900,-7.30200,0.70500,-7.71000,0.84000,-6.43300,0.83500,-7.02700,0.73700,-7.12000,0.71700,-6.95200,0.66200,-7.07300,0.60100,-6.72200,0.82400,-6.47800,0.74700,-6.62900,0.48200,-6.04800,0.85800,-6.26000,0.60300,-6.21700,0.65800,0,-9999.00000,-9999.00000,-9999.00000,27082004,4.32000,1.82000
28.67500,77.07500,Delhi,3,0.19300,238975.00000,0.78780,477207.00000,0.78950,587766.00000,0.79130,762146.00000,-8.86900,0.55800,-8.65100,0.64500,-8.72000,0.78900,-8.43400,0.70500,-8.66500,0.51100,-8.55600,0.44500,-9.02900,0.29600,-8.81000,0.91400,-10.29500,0.55800,-9.78300,0.66500,-9.87800,0.49900,-9.87200,0.65700,-9.06600,0.82100,-9.65500,0.65100,-9.22700,0.96100,-9.32100,0.64400,-9.33000,0.50500,-8.73300,0.70400,-9.06900,0.76200,-7.12200,0.50900,-6.60200,0.64900,-6.80300,0.71900,-5.73000,0.76900,-6.21800,0.66200,-6.28300,0.64100,-6.17300,0.64300,-6.43300,0.53000,-6.01900,0.75400,-5.76000,0.80300,-5.96800,0.48000,-5.44200,0.79600,-5.72100,0.53800,-5.56800,0.66300,0,-9999.00000,-9999.00000,-9999.00000,27082004,3.54000,1.55000
28.67500,77.12500,Delhi,3,0.54420,575802.00000,0.84790,537200.00000,0.84800,666042.00000,0.84890,873025.00000,-8.63900,0.56500,-8.44600,0.59700,-8.50800,0.78700,-8.27800,0.67700,-8.49900,0.48900,-8.31500,0.43200,-8.72800,0.22900,-8.56100,0.89500,-9.93500,0.57500,-9.45400,0.68200,-9.56700,0.47300,-9.51100,0.64400,-8.66700,0.85800,-9.29700,0.63900,-8.86900,0.95200,-8.98400,0.62500,-8.99600,0.50200,-8.39700,0.71800,-8.65400,0.71600,-6.59400,0.47500,-6.13000,0.54600,-6.28600,0.58700,-5.36200,0.73000,-5.77200,0.55600,-5.83500,0.61200,-5.70700,0.52500,-5.97500,0.48100,-5.64300,0.68100,-5.31500,0.79600,-5.58700,0.41800,-5.12000,0.73300,-5.34800,0.55900,-5.30700,0.60600,0,-9999.00000,-9999.00000,-9999.00000,27082004,4.19000,1.69000
28.67500,77.17500,Delhi,3,0.73290,738138.00000,0.82380,585108.00000,0.82380,689454.00000,0.82380,855558.00000,-8.59500,0.56100,-8.39700,0.59000,-8.46500,0.78000,-8.24000,0.66100,-8.47400,0.47900,-8.25900,0.43500,-8.66300,0.22000,-8.50200,0.88100,-9.63600,0.58100,-9.24100,0.70100,-9.35400,0.46700,-9.26200,0.65700,-8.39600,0.88100,-9.07100,0.60700,-8.64500,0.93800,-8.75900,0.60900,-8.77900,0.48900,-8.18900,0.72800,-8.39400,0.68200,-6.39600,0.44600,-5.96900,0.54200,-6.08400,0.59100,-5.19500,0.75000,-5.55500,0.55900,-5.63300,0.59600,-5.51100,0.49500,-5.76000,0.45800,-5.46300,0.64300,-5.13700,0.76700,-5.42300,0.39600,-4.90700,0.74100,-5.11900,0.58400,-5.11500,0.60300,0,-9999.00000,-9999.00000,-9999.00000,27082004,4.40000,1.70000
28.67500,77.22500,Delhi,3,0.46750,408390.00000,0.53960,448391.00000,0.55300,503852.00000,0.56850,564460.00000,-8.52200,0.55000,-8.29800,0.56100,-8.38900,0.75600,-8.19100,0.61600,-8.44200,0.45200,-8.15500,0.43100,-8.54500,0.19900,-8.38900,0.84500,-9.49500,0.58200,-9.18700,0.71900,-9.28700,0.48500,-9.20600,0.69700,-8.29700,0.88100,-9.00300,0.61000,-8.58500,0.89600,-8.67000,0.61300,-8.70900,0.49300,-8.13300,0.72900,-8.30000,0.65500,-6.33600,0.43500,-5.91700,0.55600,-6.00100,0.59800,-5.11600,0.78000,-5.44100,0.57000,-5.55800,0.59100,-5.42600,0.50200,-5.66100,0.46600,-5.38000,0.63300,-5.04600,0.77200,-5.30700,0.42900,-4.79100,0.74300,-4.99400,0.58400,-5.01100,0.61600,0,-9999.00000,-9999.00000,-9999.00000,27082004,6.54000,2.25000
28.67500,77.27500,Delhi,3,0.62120,652084.00000,0.90380,810594.00000,0.90660,1028108.00000,0.92520,1365342.00000,-8.54400,0.54000,-8.30800,0.55400,-8.40400,0.74200,-8.23100,0.59300,-8.48000,0.42900,-8.16100,0.41900,-8.55600,0.20100,-8.38300,0.81000,-9.56100,0.57500,-9.34800,0.71900,-9.43700,0.49900,-9.36200,0.73300,-8.42800,0.87800,-9.16700,0.62900,-8.75300,0.85300,-8.79500,0.63700,-8.85500,0.50500,-8.30700,0.73700,-8.45800,0.64100,-6.38600,0.43500,-5.98000,0.56800,-6.02900,0.61600,-5.12600,0.81100,-5.42300,0.57600,-5.57900,0.58500,-5.41700,0.52100,-5.64500,0.48900,-5.35600,0.63700,-5.02500,0.77800,-5.24800,0.47700,-4.76800,0.75500,-4.93300,0.58500,-4.96500,0.63100,0,-9999.00000,-9999.00000,-9999.00000,27082004,2.01000,1.24000
28.67500,77.32500,Delhi,3,0.50820,374097.00000,0.88140,512969.00000,0.88260,668784.00000,0.90720,921538.00000,-8.58700,0.52300,-8.33300,0.54400,-8.43600,0.72300,-8.30000,0.55900,-8.55000,0.39300,-8.17900,0.40000,-8.58200,0.20500,-8.38100,0.75700,-9.72900,0.56600,-9.60100,0.69900,-9.70300,0.50300,-9.61000,0.75700,-8.68300,0.86500,-9.43200,0.64500,-9.02500,0.81100,-9.01200,0.64900,-9.11300,0.50600,-8.57400,0.73400,-8.71900,0.64500,-6.63000,0.47300,-6.21100,0.60100,-6.25300,0.66000,-5.31700,0.87500,-5.59900,0.59300,-5.79300,0.58500,-5.61400,0.55500,-5.82900,0.53800,-5.48900,0.67700,-5.20200,0.78600,-5.37200,0.48900,-4.90700,0.81500,-5.04300,0.60300,-5.07900,0.67300,0,-9999.00000,-9999.00000,-9999.00000,27082004,3.29000,1.39000
28.67500,77.37500,Delhi,3,0.30860,121318.00000,0.67820,194904.00000,0.68670,271086.00000,0.75900,449420.00000,-8.67100,0.50700,-8.40900,0.54800,-8.50000,0.71500,-8.39400,0.53900,-8.64600,0.36500,-8.23900,0.39200,-8.64900,0.22700,-8.42800,0.70900,-9.97600,0.54700,-9.92100,0.65300,-10.05100,0.50500,-9.93100,0.75100,-9.05900,0.81800,-9.77100,0.63800,-9.36600,0.76700,-9.30900,0.64200,-9.44500,0.49900,-8.91200,0.70900,-9.07200,0.64800,-7.06000,0.51100,-6.63900,0.63000,-6.69500,0.73500,-5.71900,1.00000,-5.93400,0.59900,-6.15900,0.60200,-5.97000,0.55700,-6.19400,0.56300,-5.73300,0.71700,-5.48900,0.72900,-5.59600,0.50200,-5.14000,0.87500,-5.27600,0.65500,-5.30900,0.69900,0,-9999.00000,-9999.00000,-9999.00000,27082004,4.52000,1.64000
28.67500,77.42500,Delhi,3,0.27590,173049.00000,0.57000,234603.00000,0.58580,333615.00000,0.63580,524783.00000,-8.76000,0.49300,-8.48600,0.55300,-8.56600,0.70600,-8.49100,0.52100,-8.74200,0.33900,-8.30000,0.38400,-8.71900,0.25200,-8.47500,0.66300,-10.28400,0.51600,-10.28400,0.57200,-10.45100,0.49400,-10.28700,0.69800,-9.52600,0.73200,-10.17000,0.60800,-9.75900,0.71000,-9.69300,0.60700,-9.86100,0.46500,-9.35100,0.64700,-9.52800,0.63400,-7.80700,0.51600,-7.34600,0.59300,-7.47200,0.73300,-6.44700,1.09600,-6.56900,0.55200,-6.81000,0.62900,-6.64700,0.54800,-6.89300,0.58000,-6.28000,0.75000,-6.07100,0.66200,-6.12100,0.50200,-5.70400,0.95400,-5.84500,0.75500,-5.86500,0.69300,0,-9999.00000,-9999.00000,-9999.00000,27082004,3.92000,1.63000
28.67500,77.47500,Delhi,3,0.15000,57400.00000,0.41050,134474.00000,0.44080,204635.00000,0.49500,346096.00000,-8.88600,0.47300,-8.60100,0.56500,-8.65800,0.67900,-8.61800,0.50800,-8.84500,0.33500,-8.39300,0.37700,-8.81500,0.28400,-8.56800,0.62300,-10.60000,0.46800,-10.59400,0.48100,-10.81700,0.46600,-10.59400,0.62300,-9.97800,0.61000,-10.54400,0.54200,-10.11700,0.63700,-10.08600,0.54000,-10.26100,0.42700,-9.81100,0.55700,-10.00700,0.60400,-8.39800,0.44700,-8.00200,0.52700,-8.07200,0.68600,-7.11800,1.02700,-7.24600,0.48100,-7.48000,0.65600,-7.38000,0.55600,-7.66800,0.60200,-6.98700,0.73900,-6.79700,0.61500,-6.83200,0.49100,-6.55000,1.00200,-6.61100,0.79700,-6.60000,0.64900,0,-9999.00000,-9999.00000,-9999.00000,27082004,4.27000,1.59000
28.62500,76.97500,Delhi,3,0.01880,56576.00000,0.12070,122713.00000,0.22910,192408.00000,0.24700,283536.00000,-9.29400,0.54400,-9.02300,0.73800,-9.10100,0.81800,-8.69200,0.75100,-8.98900,0.54500,-9.01700,0.48600,-9.52400,0.40600,-9.26100,0.92000,-11.17600,0.56300,-10.71100,0.63500,-10.76800,0.55000,-10.85900,0.73400,-10.18600,0.65900,-10.62900,0.61700,-10.20100,0.88300,-10.29300,0.67200,-10.23900,0.46900,-9.68700,0.66400,-10.19500,0.86800,-8.48500,0.66500,-7.98200,0.67700,-8.51600,0.87900,-7.24200,0.94000,-7.78500,0.76900,-7.80900,0.77700,-7.64600,0.69700,-7.82200,0.64100,-7.43300,0.86300,-7.14300,0.82700,-7.25400,0.52000,-6.69200,0.83700,-6.99300,0.72200,-7.07700,0.69900,0,-9999.00000,-9999.00000,-9999.00000,27094652,3.69000,1.64000
28.62500,77.02500,Delhi,3,0.05540,62592.00000,0.43890,355783.00000,0.60510,486001.00000,0.62640,662798.00000,-8.86700,0.55500,-8.65700,0.67700,-8.72500,0.80400,-8.39300,0.72500,-8.63800,0.52300,-8.56200,0.47300,-9.01000,0.29500,-8.80300,0.91300,-10.63400,0.55800,-10.12300,0.64900,-10.21000,0.51600,-10.23000,0.68900,-9.45200,0.74200,-9.98400,0.62700,-9.54600,0.95300,-9.64700,0.65500,-9.61300,0.47400,-9.03000,0.69900,-9.43700,0.82500,-7.73600,0.62800,-7.17300,0.71900,-7.46100,0.81200,-6.23800,0.81900,-6.79900,0.75500,-6.79600,0.71900,-6.72800,0.61300,-6.84100,0.60000,-6.51300,0.80600,-6.14500,0.81000,-6.37500,0.48100,-5.77600,0.75900,-6.06800,0.60800,-6.08500,0.64200,0,-9999.00000,-9999.00000,-9999.00000,27094652,3.64000,1.63000
28.62500,77.07500,Delhi,3,0.31770,359694.00000,0.74120,603994.00000,0.85360,696268.00000,0.85610,906923.00000,-8.86200,0.55500,-8.65300,0.67900,-8.72100,0.80500,-8.38500,0.72600,-8.63200,0.52400,-8.55800,0.47500,-9.00100,0.29400,-8.79700,0.91200,-10.11800,0.55000,-9.62100,0.66100,-9.72700,0.47100,-9.67600,0.64900,-8.84000,0.82300,-9.42100,0.60500,-9.00800,0.96200,-9.09600,0.61400,-9.08700,0.47200,-8.48000,0.69500,-8.80900,0.76600,-6.89300,0.50000,-6.35700,0.58000,-6.55500,0.59500,-5.58600,0.72100,-6.08200,0.55800,-6.12800,0.64400,-6.02300,0.57000,-6.26800,0.53600,-5.87300,0.72300,-5.54800,0.84900,-5.83000,0.45600,-5.40500,0.73400,-5.66300,0.51600,-5.62100,0.63000,0,-9999.00000,-9999.00000,-9999.00000,27094652,2.96000,1.42000
28.62500,77.12500,Delhi,3,0.44990,321930.00000,0.61650,408275.00000,0.62530,481275.00000,0.62560,621461.00000,-8.59100,0.56300,-8.40900,0.61200,-8.46800,0.79700,-8.21100,0.67900,-8.45900,0.49200,-8.26500,0.45200,-8.66700,0.22900,-8.50700,0.89400,-9.76000,0.55900,-9.29000,0.65100,-9.40100,0.44400,-9.30900,0.63500,-8.46000,0.85700,-9.05300,0.60500,-8.65700,0.94700,-8.75600,0.59400,-8.75900,0.46400,-8.14700,0.70800,-8.40300,0.70900,-6.52500,0.44600,-6.10200,0.50000,-6.22800,0.56000,-5.35300,0.73800,-5.72000,0.51200,-5.75300,0.60400,-5.63800,0.48000,-5.90100,0.45300,-5.60700,0.64800,-5.25400,0.76800,-5.51300,0.39600,-5.07700,0.68300,-5.29400,0.57100,-5.31700,0.58300,0,-9999.00000,-9999.00000,-9999.00000,27094652,5.17000,1.83000
28.62500,77.17500,Delhi,3,0.42020,288120.00000,0.46520,280133.00000,0.46650,285695.00000,0.46660,295552.00000,-8.59800,0.56100,-8.41900,0.61700,-8.48000,0.80400,-8.21200,0.67800,-8.47100,0.49400,-8.27200,0.45800,-8.66700,0.23100,-8.51000,0.88900,-9.44800,0.57700,-9.06500,0.66200,-9.16300,0.43700,-9.03100,0.64400,-8.16700,0.87600,-8.81000,0.58700,-8.41900,0.93600,-8.51000,0.58700,-8.52100,0.45600,-7.91300,0.71700,-8.13000,0.67100,-6.40100,0.43100,-5.98100,0.52600,-6.08200,0.56500,-5.24800,0.75100,-5.56000,0.52900,-5.63200,0.59400,-5.52800,0.48400,-5.76200,0.46000,-5.48000,0.63100,-5.13200,0.76700,-5.41200,0.38900,-4.92900,0.69800,-5.12900,0.57400,-5.16900,0.58200,0,-9999.00000,-9999.00000,-9999.00000,27094652,8.69000,2.64000
28.62500,77.22500,Delhi,3,0.62590,632888.00000,0.64610,568181.00000,0.65180,507023.00000,0.66090,397530.00000,-8.53600,0.54200,-8.31700,0.57000,-8.41100,0.77400,-8.18700,0.61400,-8.47000,0.45800,-8.16200,0.43900,-8.55100,0.20400,-8.39300,0.83900,-9.33500,0.57100,-9.02100,0.69000,-9.11700,0.46200,-8.99300,0.68300,-8.09400,0.89300,-8.77400,0.59200,-8.39200,0.89600,-8.45700,0.60500,-8.48000,0.47700,-7.87100,0.71600,-8.05400,0.63800,-6.34000,0.42600,-5.93700,0.55300,-5.99600,0.58800,-5.16500,0.76800,-5.44300,0.55000,-5.55800,0.60200,-5.45200,0.50100,-5.65500,0.46400,-5.38900,0.62000,-5.04300,0.76500,-5.26800,0.47300,-4.81300,0.71200,-4.99800,0.57500,-5.03300,0.58900,0,-9999.00000,-9999.00000,-9999.00000,27094652,7.31000,2.41000
28.62500,77.27500,Delhi,3,0.47940,413296.00000,0.62660,516474.00000,0.63260,603556.00000,0.68520,713831.00000,-8.54300,0.53800,-8.32700,0.57300,-8.42200,0.78200,-8.18700,0.61400,-8.48400,0.46000,-8.16700,0.44200,-8.55500,0.20600,-8.39600,0.83600,-9.38900,0.56300,-9.16000,0.68600,-9.24000,0.47400,-9.13500,0.71400,-8.20600,0.89500,-8.91000,0.61100,-8.51100,0.86300,-8.54900,0.64700,-8.59300,0.50600,-8.01200,0.71500,-8.16700,0.63000,-6.35800,0.41200,-5.96400,0.56700,-5.99300,0.58500,-5.11900,0.80900,-5.41300,0.56500,-5.54700,0.60400,-5.40600,0.50500,-5.61800,0.46600,-5.34100,0.63000,-4.99400,0.77200,-5.20000,0.47500,-4.75700,0.72200,-4.92600,0.57600,-4.96100,0.63600,0,-9999.00000,-9999.00000,-9999.00000,27094652,5.63000,2.20000
28.62500,77.32500,Delhi,3,0.49040,320855.00000,0.83720,513607.00000,0.83780,637106.00000,0.91640,840632.00000,-8.62200,0.51100,-8.37400,0.55500,-8.48000,0.75300,-8.30600,0.57100,-8.60200,0.40300,-8.20100,0.41900,-8.60600,0.21400,-8.39800,0.75400,-9.58800,0.55200,-9.46900,0.67600,-9.54000,0.50800,-9.42800,0.73400,-8.48800,0.88500,-9.20200,0.65700,-8.80500,0.83300,-8.79800,0.67100,-8.86700,0.51900,-8.26800,0.72600,-8.43900,0.62800,-6.47500,0.36800,-6.07100,0.57300,-6.08100,0.55800,-5.19400,0.82300,-5.46900,0.55800,-5.60100,0.60400,-5.44900,0.50800,-5.65000,0.46400,-5.34300,0.63600,-5.00400,0.76900,-5.18900,0.48800,-4.76800,0.74000,-4.92200,0.58100,-4.94900,0.64000,0,-9999.00000,-9999.00000,-9999.00000,27094652,3.76000,1.49000
28.62500,77.37500,Delhi,3,0.16350,78498.00000,0.64870,202533.00000,0.65730,285422.00000,0.81540,485485.00000,-8.63600,0.50800,-8.38800,0.55700,-8.49300,0.75500,-8.31800,0.57000,-8.61900,0.40200,-8.21000,0.42000,-8.61700,0.21800,-8.40600,0.74800,-9.87900,0.54600,-9.80900,0.65200,-9.91600,0.52000,-9.79700,0.76600,-8.86400,0.84600,-9.57500,0.65500,-9.16900,0.79400,-9.12000,0.67300,-9.21700,0.52300,-8.61700,0.69800,-8.77600,0.64500,-6.80300,0.38400,-6.38200,0.55800,-6.41300,0.63900,-5.47600,0.89500,-5.63000,0.56900,-5.77300,0.60900,-5.61600,0.50000,-5.80000,0.45200,-5.42200,0.65300,-5.10100,0.77500,-5.24800,0.50300,-4.86800,0.76400,-5.00900,0.59600,-5.01500,0.64900,0,-9999.00000,-9999.00000,-9999.00000,27094652,3.52000,1.41000
28.62500,77.42500,Delhi,3,0.12390,60271.00000,0.33750,102684.00000,0.36950,159197.00000,0.55300,321216.00000,-8.79100,0.48900,-8.51400,0.56000,-8.59800,0.72100,-8.50200,0.53500,-8.77400,0.34800,-8.31500,0.39800,-8.74100,0.26400,-8.48700,0.66600,-10.24800,0.52300,-10.23200,0.58400,-10.36000,0.50900,-10.23300,0.73600,-9.37600,0.77300,-10.04300,0.63900,-9.61500,0.73900,-9.56800,0.63900,-9.66200,0.52000,-9.08700,0.64300,-9.25600,0.64200,-7.55300,0.43400,-6.98800,0.54600,-7.16200,0.67400,-6.08300,0.99800,-6.09300,0.55900,-6.28300,0.61900,-6.03900,0.53000,-6.27600,0.51300,-5.70400,0.71100,-5.46500,0.75700,-5.50700,0.53800,-5.16400,0.86300,-5.27900,0.67100,-5.22900,0.69000,0,-9999.00000,-9999.00000,-9999.00000,27094652,3.42000,1.50000
28.62500,77.47500,Delhi,3,0.13550,54598.00000,0.24250,71157.00000,0.27400,113694.00000,0.35290,181458.00000,-8.85700,0.48700,-8.57800,0.56600,-8.65200,0.71500,-8.56500,0.53400,-8.82900,0.35000,-8.36800,0.39800,-8.79800,0.27900,-8.54300,0.65100,-10.65000,0.47900,-10.64000,0.48700,-10.82100,0.50800,-10.66200,0.66000,-9.93400,0.63100,-10.52800,0.58200,-10.06100,0.65600,-10.04700,0.57500,-10.14300,0.48100,-9.60400,0.55300,-9.78000,0.62100,-8.24700,0.42400,-7.77100,0.50200,-7.87700,0.68600,-6.89100,1.01500,-6.89500,0.49700,-7.10200,0.62900,-6.93000,0.53500,-7.19400,0.54600,-6.52900,0.72500,-6.27700,0.66000,-6.33900,0.52500,-5.91700,0.96100,-6.06100,0.80300,-6.06100,0.64600,0,-9999.00000,-9999.00000,-9999.00000,27094652,3.95000,1.62000
28.57500,76.97500,Delhi,2,0.01270,14147.00000,0.07290,36868.00000,0.16120,63077.00000,0.17040,95387.00000,-9.29600,0.54900,-9.03300,0.75800,-9.11200,0.83800,-8.68700,0.76700,-8.97800,0.56300,-9.02700,0.50800,-9.49100,0.39400,-9.25400,0.90800,-11.24600,0.56300,-10.87000,0.61200,-10.89000,0.53700,-10.99800,0.73800,-10.29500,0.62200,-10.70700,0.59300,-10.30100,0.84700,-10.41600,0.64500,-10.28200,0.44900,-9.73100,0.69600,-10.23100,0.87700,-8.97500,0.63100,-8.49200,0.68400,-9.04600,0.96900,-7.91400,0.96800,-8.31700,0.77500,-8.25500,0.85900,-8.09600,0.75800,-8.43400,0.69900,-7.98500,0.74400,-7.64900,0.80300,-7.78800,0.50700,-7.20400,0.76300,-7.54400,0.69700,-7.60800,0.65900,0,-9999.00000,-9999.00000,-9999.00000,27107280,3.96000,1.65000
28.57500,77.02500,Delhi,3,0.02130,29313.00000,0.11400,46002.00000,0.32630,155240.00000,0.36600,258469.00000,-9.04100,0.55300,-8.81500,0.72100,-8.88900,0.83100,-8.51000,0.74400,-8.78000,0.54700,-8.75400,0.50100,-9.18100,0.33100,-8.98000,0.89900,-10.70700,0.55900,-10.27100,0.61800,-10.32800,0.49500,-10.34400,0.68400,-9.56700,0.70400,-10.04400,0.60000,-9.64300,0.92100,-9.74900,0.61400,-9.65600,0.45000,-9.06100,0.71600,-9.47700,0.84500,-8.20300,0.60400,-7.66300,0.66800,-7.96300,0.79000,-6.82600,0.86600,-7.26400,0.69600,-7.18300,0.75100,-7.13600,0.63500,-7.30800,0.60800,-6.93600,0.75700,-6.56300,0.80600,-6.75500,0.45300,-6.19700,0.68000,-6.49000,0.64800,-6.54500,0.64400,0,-9999.00000,-9999.00000,-9999.00000,27107280,4.81000,2.02000
28.57500,77.07500,Delhi,3,0.07780,112984.00000,0.28500,203511.00000,0.52300,314827.00000,0.55560,449161.00000,-8.89000,0.55200,-8.68600,0.70100,-8.75800,0.82900,-8.40000,0.72700,-8.66800,0.53700,-8.59100,0.49900,-8.99400,0.29500,-8.81500,0.89200,-10.17600,0.55400,-9.73500,0.62800,-9.81300,0.45400,-9.75500,0.63600,-8.93700,0.77900,-9.46400,0.58300,-9.08000,0.94500,-9.17000,0.58700,-9.12700,0.44100,-8.50300,0.69900,-8.85000,0.78100,-7.61100,0.55800,-7.03200,0.58700,-7.22300,0.64700,-6.13700,0.75200,-6.57600,0.59100,-6.55400,0.67700,-6.50800,0.55800,-6.67400,0.55700,-6.31800,0.69400,-5.92500,0.81600,-6.17400,0.42800,-5.72700,0.67200,-5.96100,0.55600,-5.94600,0.61800,0,-9999.00000,-9999.00000,-9999.00000,27107280,3.93000,1.63000
28.57500,77.12500,Delhi,3,0.11780,57298.00000,0.31170,101535.00000,0.36150,122469.00000,0.37180,171879.00000,-8.69300,0.55300,-8.51200,0.65100,-8.58100,0.82700,-8.26700,0.68700,-8.55100,0.51200,-8.37400,0.48200,-8.75500,0.25300,-8.60000,0.87800,-9.77800,0.54400,-9.37100,0.61800,-9.46200,0.42200,-9.34800,0.60800,-8.52200,0.81700,-9.07600,0.56500,-8.72000,0.93300,-8.80100,0.57200,-8.76600,0.43700,-8.15000,0.69000,-8.43000,0.71700,-7.12900,0.50400,-6.57500,0.56000,-6.74100,0.58800,-5.75000,0.74600,-6.18900,0.52500,-6.21000,0.63200,-6.14100,0.52700,-6.28000,0.50500,-5.98800,0.66400,-5.61000,0.82500,-5.87100,0.41300,-5.45800,0.66000,-5.68300,0.51200,-5.69400,0.60600,0,-9999.00000,-9999.00000,-9999.00000,27107280,6.05000,2.13000
28.57500,77.17500,Delhi,3,0.27430,173106.00000,0.40050,191478.00000,0.41110,203408.00000,0.41170,265070.00000,-8.62400,0.55100,-8.45200,0.63500,-8.52000,0.82900,-8.21800,0.67100,-8.51400,0.50400,-8.29600,0.47700,-8.67000,0.23900,-8.52100,0.87200,-9.49300,0.55600,-9.13900,0.61800,-9.23400,0.41700,-9.09600,0.62500,-8.24100,0.84500,-8.84800,0.55700,-8.49900,0.91000,-8.56700,0.57600,-8.54100,0.44500,-7.92900,0.68900,-8.17000,0.66000,-6.70700,0.41600,-6.22900,0.51300,-6.34200,0.53400,-5.49900,0.75900,-5.82000,0.47700,-5.86000,0.59400,-5.77200,0.46900,-5.96500,0.46000,-5.70300,0.62600,-5.31600,0.78900,-5.57100,0.38800,-5.18800,0.62700,-5.40100,0.52400,-5.45000,0.57800,0,-9999.00000,-9999.00000,-9999.00000,27107280,7.18000,2.34000
28.57500,77.22500,Delhi,3,0.47820,386420.00000,0.56830,324865.00000,0.56930,379075.00000,0.57470,437794.00000,-8.56600,0.53600,-8.35900,0.58800,-8.45200,0.79900,-8.19200,0.62200,-8.50600,0.47000,-8.19400,0.45200,-8.57800,0.21400,-8.42000,0.83900,-9.37700,0.55000,-9.09600,0.63800,-9.19100,0.43900,-9.05100,0.66100,-8.16500,0.85600,-8.81000,0.57400,-8.46600,0.87500,-8.51300,0.60100,-8.50200,0.46700,-7.88300,0.68500,-8.09000,0.63900,-6.52500,0.37500,-6.09300,0.52600,-6.15100,0.53200,-5.36400,0.76200,-5.59900,0.49300,-5.68100,0.59800,-5.58300,0.48500,-5.78600,0.44400,-5.51200,0.59700,-5.13700,0.75300,-5.34100,0.46600,-4.98600,0.63800,-5.14600,0.55700,-5.18700,0.56700,0,-9999.00000,-9999.00000,-9999.00000,27107280,5.50000,1.94000
28.57500,77.27500,Delhi,3,0.39970,169500.00000,0.54940,241388.00000,0.54940,299692.00000,0.61200,392556.00000,-8.58900,0.52900,-8.37300,0.58200,-8.47200,0.79900,-8.21600,0.61300,-8.53700,0.46500,-8.20400,0.44900,-8.59100,0.21300,-8.43200,0.82600,-9.47000,0.54500,-9.27700,0.62400,-9.35700,0.45300,-9.24100,0.68700,-8.31700,0.86700,-9.00300,0.60900,-8.63000,0.83900,-8.63900,0.63900,-8.65300,0.49300,-8.05600,0.68400,-8.23400,0.62600,-6.54200,0.36000,-6.12000,0.55200,-6.14200,0.53600,-5.32800,0.79100,-5.54700,0.52900,-5.66300,0.60800,-5.53900,0.50400,-5.72700,0.44700,-5.44400,0.61000,-5.09200,0.75100,-5.26900,0.49200,-4.91700,0.66700,-5.05800,0.55900,-5.07900,0.61300,0,-9999.00000,-9999.00000,-9999.00000,27107280,6.46000,2.39000
28.57500,77.32500,Delhi,3,0.43170,213549.00000,0.66140,242535.00000,0.66150,329283.00000,0.83030,446695.00000,-8.69400,0.50900,-8.44600,0.56400,-8.55200,0.77200,-8.36000,0.57800,-8.67300,0.41200,-8.26200,0.42900,-8.67300,0.22600,-8.46600,0.74600,-9.72900,0.53200,-9.62100,0.63100,-9.69400,0.49100,-9.59000,0.71100,-8.65500,0.84900,-9.35300,0.66300,-8.95300,0.81000,-8.92500,0.66700,-8.95900,0.50800,-8.34400,0.68100,-8.53700,0.63400,-6.75400,0.34900,-6.32200,0.56200,-6.35700,0.58200,-5.48400,0.83800,-5.61700,0.54500,-5.73700,0.61500,-5.59400,0.50500,-5.77300,0.44000,-5.43800,0.63400,-5.10400,0.76500,-5.26100,0.50600,-4.89500,0.73200,-5.03900,0.57800,-5.05300,0.64300,0,-9999.00000,-9999.00000,-9999.00000,27107280,5.04000,1.89000
28.57500,77.37500,Delhi,3,0.16750,45564.00000,0.51450,126983.00000,0.51750,189318.00000,0.72160,302896.00000,-8.73600,0.50800,-8.48500,0.56600,-8.59100,0.77700,-8.39700,0.57800,-8.71600,0.41200,-8.29500,0.43100,-8.71100,0.23200,-8.50200,0.73700,-10.02900,0.52100,-9.97900,0.59900,-10.07100,0.50000,-9.96300,0.74200,-9.03100,0.80500,-9.73300,0.66900,-9.32100,0.76500,-9.26700,0.67100,-9.31300,0.52100,-8.68600,0.66100,-8.87700,0.65000,-7.35300,0.39800,-6.77300,0.52000,-6.91100,0.66200,-5.85700,0.90500,-5.88600,0.55500,-6.02800,0.64000,-5.81200,0.48900,-6.04500,0.45800,-5.53700,0.66700,-5.25000,0.78400,-5.36800,0.52200,-5.02500,0.79900,-5.15200,0.61700,-5.12500,0.67100,0,-9999.00000,-9999.00000,-9999.00000,27107280,3.64000,1.47000
28.57500,77.42500,Delhi,3,0.01740,3101.00000,0.14660,21300.00000,0.15450,32186.00000,0.26230,67049.00000,-8.92500,0.49600,-8.65000,0.57200,-8.72400,0.73600,-8.61300,0.54900,-8.89600,0.36200,-8.42600,0.41200,-8.86700,0.29400,-8.60900,0.65000,-10.45000,0.49200,-10.42000,0.54100,-10.53100,0.50300,-10.44800,0.71300,-9.57700,0.70200,-10.22800,0.64900,-9.79400,0.71200,-9.75000,0.63500,-9.76900,0.51900,-9.16900,0.58500,-9.34600,0.65300,-8.06100,0.42000,-7.51000,0.50500,-7.66200,0.67800,-6.62600,0.99700,-6.56300,0.51600,-6.73600,0.64400,-6.52100,0.52700,-6.78800,0.53100,-6.14900,0.73600,-5.84000,0.77800,-5.91100,0.54900,-5.47900,0.84500,-5.65500,0.73000,-5.55300,0.67700,0,-9999.00000,-9999.00000,-9999.00000,27107280,3.72000,1.61000
28.57500,77.47500,Delhi,3,0.00630,1939.00000,0.05110,9336.00000,0.05930,15297.00000,0.15080,31454.00000,-8.95900,0.49800,-8.68500,0.57500,-8.75600,0.74000,-8.64200,0.55200,-8.92800,0.36500,-8.45500,0.41500,-8.90000,0.30200,-8.64100,0.64600,-10.84600,0.45600,-10.80700,0.46600,-10.98400,0.50600,-10.88300,0.67500,-10.11200,0.55300,-10.70900,0.59400,-10.22700,0.63900,-10.22600,0.58900,-10.24400,0.49500,-9.66600,0.50800,-9.85500,0.63400,-8.54500,0.42200,-8.13700,0.49400,-8.11500,0.72500,-7.29200,0.99500,-7.40200,0.48500,-7.56500,0.69900,-7.35900,0.53000,-7.71200,0.56100,-7.00700,0.68700,-6.66300,0.71500,-6.72900,0.52500,-6.21600,0.84000,-6.40100,0.73400,-6.42900,0.58700,0,-9999.00000,-9999.00000,-9999.00000,27107280,3.82000,1.62000
28.52500,76.97500,Delhi,1,0.00300,4317.00000,0.01120,5450.00000,0.04100,12444.00000,0.05890,25302.00000,-9.33500,0.55900,-9.08200,0.78900,-9.16300,0.87500,-8.73000,0.78500,-9.00900,0.58800,-9.08500,0.54300,-9.47500,0.38500,-9.28200,0.88000,-11.38700,0.54500,-11.12700,0.56200,-11.10100,0.53900,-11.25300,0.72000,-10.56000,0.55900,-10.93300,0.55100,-10.55100,0.78800,-10.63200,0.60700,-10.43200,0.43900,-9.88100,0.70100,-10.37900,0.87000,-9.04900,0.60900,-8.56000,0.61200,-9.16000,0.98700,-8.10900,0.93100,-8.45500,0.74500,-8.31500,0.88100,-8.16700,0.76900,-8.55000,0.69500,-8.07300,0.62000,-7.73100,0.74500,-7.90100,0.50300,-7.29900,0.68500,-7.60400,0.60700,-7.52100,0.69400,0,-9999.00000,-9999.00000,-9999.00000,27119886,4.97000,2.19000
28.52500,77.02500,Delhi,3,0.01050,5959.00000,0.06330,18397.00000,0.20020,47021.00000,0.23670,95097.00000,-9.25900,0.55700,-9.01600,0.77500,-9.09500,0.86900,-8.67300,0.77500,-8.95200,0.58100,-9.00100,0.53700,-9.39000,0.36900,-9.20100,0.88000,-10.91200,0.53400,-10.56600,0.56700,-10.58800,0.48100,-10.64400,0.66700,-9.87100,0.62900,-10.28900,0.56500,-9.93600,0.86800,-10.01500,0.57300,-9.86200,0.44100,-9.25900,0.71800,-9.70700,0.84300,-8.38700,0.55800,-7.83800,0.60400,-8.12100,0.75700,-7.05900,0.88500,-7.43000,0.63800,-7.29100,0.77300,-7.24600,0.64400,-7.48300,0.60600,-7.03900,0.71500,-6.66000,0.76200,-6.82900,0.43200,-6.32600,0.64600,-6.50100,0.61800,-6.54200,0.64000,0,-9999.00000,-9999.00000,-9999.00000,27119886,4.10000,1.67000
28.52500,77.07500,Delhi,3,0.03310,16128.00000,0.16220,69987.00000,0.32480,97523.00000,0.34440,168640.00000,-8.92800,0.54900,-8.72600,0.71700,-8.80200,0.84600,-8.43200,0.72800,-8.71200,0.54600,-8.63400,0.51600,-9.00800,0.30000,-8.84900,0.87400,-10.42200,0.53400,-10.06100,0.56800,-10.11400,0.41900,-10.08600,0.62600,-9.28900,0.67400,-9.74200,0.55200,-9.41600,0.89900,-9.49000,0.54500,-9.38700,0.44000,-8.76300,0.70000,-9.13700,0.78500,-7.98600,0.50300,-7.37900,0.52100,-7.61400,0.62000,-6.50000,0.80000,-6.83900,0.52200,-6.76800,0.70100,-6.72200,0.57100,-6.92400,0.55300,-6.54800,0.64000,-6.18700,0.72800,-6.36500,0.38100,-5.95700,0.61400,-6.04700,0.54600,-6.00100,0.61300,0,-9999.00000,-9999.00000,-9999.00000,27119886,4.56000,1.79000
28.52500,77.12500,Delhi,3,0.03590,10914.00000,0.18860,49386.00000,0.24750,67674.00000,0.25400,93980.00000,-8.88400,0.54700,-8.68700,0.69900,-8.76600,0.84700,-8.41200,0.71200,-8.70000,0.53600,-8.58000,0.51100,-8.94600,0.29200,-8.79800,0.86300,-10.01700,0.53000,-9.68300,0.55700,-9.75600,0.38200,-9.67100,0.59400,-8.87000,0.71900,-9.34300,0.54000,-9.04000,0.89700,-9.10800,0.54000,-9.03800,0.43800,-8.41700,0.66700,-8.73900,0.71800,-7.80100,0.47200,-7.16000,0.52800,-7.32600,0.55100,-6.28000,0.78800,-6.61600,0.50500,-6.60000,0.65600,-6.54100,0.54900,-6.70200,0.53800,-6.37800,0.59900,-5.98600,0.74700,-6.21200,0.38300,-5.82500,0.64300,-5.94500,0.53000,-5.87900,0.59600,0,-9999.00000,-9999.00000,-9999.00000,27119886,4.72000,1.84000
28.52500,77.17500,Delhi,3,0.10640,71345.00000,0.33200,192463.00000,0.34350,230493.00000,0.35170,290136.00000,-8.72800,0.54200,-8.54600,0.64700,-8.62600,0.84300,-8.31000,0.67000,-8.61700,0.50500,-8.39300,0.49000,-8.75600,0.25600,-8.62200,0.85000,-9.72700,0.53000,-9.43000,0.55800,-9.51800,0.37900,-9.38500,0.59800,-8.57500,0.75900,-9.10200,0.53500,-8.79900,0.87900,-8.84700,0.55400,-8.80400,0.45200,-8.19700,0.64800,-8.47200,0.66800,-7.44300,0.46900,-6.83700,0.54100,-6.95200,0.53700,-5.99000,0.77100,-6.34000,0.48200,-6.37000,0.60900,-6.29700,0.51800,-6.43200,0.52300,-6.16500,0.58000,-5.74700,0.77500,-6.00400,0.38300,-5.64900,0.64900,-5.80700,0.50600,-5.76300,0.59200,0,-9999.00000,-9999.00000,-9999.00000,27119886,6.78000,2.23000
28.52500,77.22500,Delhi,3,0.25500,405705.00000,0.59060,555641.00000,0.59150,673573.00000,0.62240,839021.00000,-8.74100,0.53000,-8.54100,0.62800,-8.63400,0.83600,-8.33200,0.64800,-8.65300,0.49000,-8.37900,0.47900,-8.75100,0.24700,-8.61200,0.82700,-9.61200,0.51800,-9.37900,0.56100,-9.46000,0.38500,-9.31900,0.62300,-8.47800,0.78500,-9.06700,0.55400,-8.76000,0.84600,-8.78900,0.56700,-8.75200,0.46000,-8.15100,0.63600,-8.39700,0.64900,-7.07600,0.42100,-6.54600,0.54100,-6.63300,0.52600,-5.78100,0.77900,-6.06800,0.46500,-6.13400,0.58200,-6.00600,0.47700,-6.19600,0.48900,-5.95200,0.57100,-5.51700,0.77600,-5.77400,0.39500,-5.44500,0.65100,-5.64000,0.48500,-5.58400,0.58000,0,-9999.00000,-9999.00000,-9999.00000,27119886,5.66000,1.99000
28.52500,77.27500,Delhi,3,0.44430,307076.00000,0.62530,369792.00000,0.62530,461156.00000,0.66980,592887.00000,-8.74400,0.51400,-8.51800,0.59600,-8.62600,0.82300,-8.34800,0.61600,-8.68600,0.47000,-8.33900,0.45900,-8.72900,0.22800,-8.57900,0.79700,-9.71000,0.50800,-9.54200,0.55400,-9.60500,0.41300,-9.49400,0.65600,-8.62500,0.79300,-9.26100,0.58800,-8.92500,0.79800,-8.92200,0.60000,-8.89000,0.47300,-8.30600,0.62600,-8.53400,0.63900,-6.98900,0.38500,-6.50200,0.54100,-6.59400,0.53300,-5.78800,0.82500,-5.97000,0.49200,-6.06100,0.60900,-5.87000,0.48300,-6.10100,0.43100,-5.84200,0.58200,-5.40100,0.77100,-5.62600,0.46100,-5.33100,0.67100,-5.52200,0.50800,-5.42600,0.59800,0,-9999.00000,-9999.00000,-9999.00000,27119886,5.58000,1.94000
28.52500,77.32500,Delhi,3,0.24070,114246.00000,0.53570,239125.00000,0.53570,308940.00000,0.72190,458012.00000,-8.78300,0.51100,-8.54200,0.58400,-8.64900,0.80700,-8.40900,0.59900,-8.74200,0.44300,-8.35200,0.44800,-8.76000,0.23700,-8.57900,0.76000,-9.91100,0.49700,-9.79800,0.56300,-9.86400,0.44900,-9.78100,0.68100,-8.90100,0.77900,-9.57200,0.63100,-9.17700,0.76000,-9.14100,0.63500,-9.12400,0.49300,-8.53800,0.61500,-8.75400,0.63800,-7.33600,0.39700,-6.77300,0.54000,-6.91100,0.60400,-5.96700,0.88200,-6.01100,0.51700,-6.11200,0.63000,-5.91400,0.51100,-6.15300,0.41200,-5.79000,0.61700,-5.39000,0.78300,-5.55600,0.54800,-5.27600,0.72100,-5.42500,0.53500,-5.32300,0.64700,0,-9999.00000,-9999.00000,-9999.00000,27119886,4.95000,1.96000
28.52500,77.37500,Delhi,3,0.09180,34858.00000,0.37510,76477.00000,0.37510,114291.00000,0.73620,223722.00000,-8.83400,0.50600,-8.58300,0.57300,-8.68700,0.79100,-8.48100,0.58300,-8.81100,0.41900,-8.38000,0.43900,-8.80600,0.24800,-8.59700,0.72100,-10.24900,0.47700,-10.18900,0.53300,-10.26700,0.46500,-10.20600,0.69500,-9.32300,0.71600,-10.00500,0.66500,-9.57200,0.71400,-9.51900,0.64400,-9.51000,0.50100,-8.91500,0.58400,-9.12800,0.64500,-7.91900,0.42300,-7.29200,0.51400,-7.47400,0.66900,-6.44800,0.96400,-6.38400,0.52500,-6.51300,0.64800,-6.31100,0.52000,-6.57100,0.47900,-6.03300,0.68000,-5.68500,0.78500,-5.79400,0.55500,-5.47200,0.79000,-5.61800,0.59100,-5.48000,0.67900,0,-9999.00000,-9999.00000,-9999.00000,27119886,4.24000,1.59000
28.52500,77.42500,Delhi,3,0.02790,7825.00000,0.19620,34109.00000,0.19620,51509.00000,0.47130,83091.00000,-8.97500,0.50100,-8.71400,0.57900,-8.79600,0.76000,-8.63900,0.56600,-8.94100,0.39400,-8.48700,0.43100,-8.93000,0.29200,-8.69600,0.66500,-10.65200,0.45600,-10.61600,0.47800,-10.71700,0.48600,-10.68500,0.68600,-9.83500,0.61400,-10.48200,0.66100,-10.02000,0.66600,-9.98800,0.62000,-9.96100,0.50300,-9.37500,0.52800,-9.59200,0.64300,-8.39600,0.41400,-7.88600,0.49000,-7.96300,0.72000,-7.07000,0.98000,-7.08100,0.49300,-7.19900,0.69800,-6.99300,0.50000,-7.30300,0.53000,-6.66600,0.68000,-6.31600,0.75400,-6.36600,0.53700,-5.92900,0.82100,-6.14000,0.67300,-6.06100,0.65000,0,-9999.00000,-9999.00000,-9999.00000,27119886,3.85000,1.58000
28.52500,77.47500,Delhi,3,0.02470,14592.00000,0.13200,22141.00000,0.13200,33880.00000,0.31890,70137.00000,-9.07600,0.49900,-8.81200,0.58300,-8.87700,0.74000,-8.74800,0.55700,-9.03300,0.38300,-8.56800,0.43000,-9.02100,0.31900,-8.77400,0.62900,-11.00400,0.42900,-10.96600,0.44300,-11.11200,0.51200,-11.09000,0.66000,-10.30900,0.49500,-10.91100,0.62300,-10.42300,0.60300,-10.41800,0.58300,-10.37800,0.49800,-9.80700,0.46800,-10.03900,0.63400,-8.63900,0.41200,-8.19900,0.47400,-8.19900,0.74200,-7.43000,0.98000,-7.51500,0.49900,-7.61100,0.70900,-7.44200,0.50100,-7.83500,0.54700,-7.13600,0.63900,-6.83200,0.64800,-6.86100,0.53800,-6.38700,0.78000,-6.59300,0.63700,-6.59300,0.59400,0,-9999.00000,-9999.00000,-9999.00000,27119886,5.00000,1.92000
28.47500,76.97500,Delhi,2,0.01200,1128.00000,0.04580,5986.00000,0.12920,23330.00000,0.16920,70707.00000,-9.41300,0.55600,-9.15300,0.80500,-9.24400,0.89000,-8.81000,0.78800,-9.07600,0.59800,-9.17300,0.55900,-9.52100,0.39500,-9.36600,0.85700,-11.42500,0.52500,-11.24300,0.51500,-11.18600,0.53300,-11.36900,0.68800,-10.68900,0.51500,-11.01600,0.51800,-10.66900,0.75400,-10.71100,0.56900,-10.49000,0.43500,-9.93700,0.69300,-10.41200,0.86100,-8.72800,0.58400,-8.21700,0.54100,-8.62100,0.83300,-7.60700,0.82900,-7.88400,0.64700,-7.73000,0.78600,-7.53800,0.61800,-7.82600,0.62900,-7.39300,0.69900,-6.99600,0.72500,-7.16500,0.42600,-6.63500,0.62700,-6.72800,0.57400,-6.74100,0.65900,0,-9999.00000,-9999.00000,-9999.00000,27132474,4.17000,1.98000
28.47500,77.02500,Delhi,3,0.08810,72059.00000,0.30650,133419.00000,0.65190,138800.00000,0.69310,251175.00000,-9.44500,0.55500,-9.18200,0.81200,-9.27700,0.89600,-8.84300,0.78900,-9.10400,0.60100,-9.20800,0.56600,-9.54000,0.40000,-9.40100,0.84800,-11.04500,0.50800,-10.79900,0.53200,-10.77900,0.45900,-10.86600,0.64100,-10.13200,0.56500,-10.47900,0.51700,-10.17500,0.81900,-10.22500,0.52600,-10.04000,0.42300,-9.45100,0.68000,-9.89700,0.82300,-8.32200,0.51700,-7.74600,0.55500,-7.94400,0.69100,-6.94800,0.83800,-7.26700,0.60300,-7.12000,0.76000,-7.06300,0.60600,-7.30100,0.58600,-6.85300,0.69700,-6.46100,0.73700,-6.60500,0.40700,-6.19400,0.65600,-6.17500,0.53300,-6.23100,0.64700,0,-9999.00000,-9999.00000,-9999.00000,27132474,2.68000,1.37000
28.47500,77.07500,Delhi,3,0.02960,26211.00000,0.18880,75857.00000,0.51640,136824.00000,0.54280,257857.00000,-9.06400,0.54100,-8.84900,0.73800,-8.94000,0.86600,-8.56700,0.73000,-8.85300,0.55600,-8.77100,0.53700,-9.11300,0.33200,-8.98300,0.84000,-10.68200,0.49500,-10.40300,0.50800,-10.42200,0.38400,-10.43000,0.59800,-9.69300,0.57500,-10.04100,0.51900,-9.79100,0.83700,-9.83200,0.49200,-9.68600,0.42400,-9.09600,0.66300,-9.49400,0.79200,-8.07700,0.48800,-7.48200,0.51700,-7.71500,0.62200,-6.64600,0.81300,-6.95500,0.52700,-6.85600,0.72000,-6.80800,0.58400,-7.03300,0.57300,-6.62100,0.64600,-6.27900,0.72500,-6.42400,0.37400,-6.03400,0.63100,-6.03200,0.52400,-6.02600,0.62900,0,-9999.00000,-9999.00000,-9999.00000,27132474,3.99000,1.60000
28.47500,77.12500,Delhi,2,0.00700,5912.00000,0.08600,32145.00000,0.25660,64361.00000,0.27970,110483.00000,-9.07700,0.54100,-8.86100,0.74000,-8.95300,0.86700,-8.58000,0.73000,-8.86700,0.55700,-8.78400,0.53900,-9.12300,0.33400,-8.99600,0.83700,-10.31400,0.50000,-10.06000,0.50100,-10.09800,0.33500,-10.05100,0.59100,-9.29200,0.62000,-9.68800,0.51500,-9.44900,0.83800,-9.49400,0.49800,-9.39800,0.44100,-8.79500,0.63500,-9.15600,0.72900,-7.97300,0.43900,-7.35300,0.50300,-7.58200,0.57400,-6.51900,0.79900,-6.82000,0.50400,-6.74900,0.69900,-6.68700,0.55300,-6.92200,0.55600,-6.52500,0.60900,-6.17800,0.71700,-6.35700,0.36600,-5.97800,0.63000,-6.00400,0.53300,-5.95700,0.60900,0,-9999.00000,-9999.00000,-9999.00000,27132474,5.29000,1.98000
28.47500,77.17500,Delhi,3,0.00580,21888.00000,0.09100,135855.00000,0.10700,177138.00000,0.12260,224475.00000,-8.82500,0.53200,-8.63600,0.65800,-8.72700,0.85500,-8.39800,0.66900,-8.71500,0.50500,-8.48500,0.50000,-8.84000,0.27200,-8.71900,0.83000,-10.04200,0.49400,-9.82800,0.50400,-9.88700,0.34300,-9.78100,0.58100,-9.03200,0.66100,-9.47600,0.52800,-9.23500,0.81600,-9.26200,0.51600,-9.20100,0.44800,-8.62100,0.60900,-8.92100,0.67900,-7.97200,0.38400,-7.32500,0.51000,-7.53500,0.54300,-6.57700,0.77500,-6.83000,0.50500,-6.84800,0.66700,-6.74400,0.50400,-6.99800,0.56200,-6.60000,0.52400,-6.27000,0.73700,-6.47700,0.36300,-6.11300,0.61700,-6.15700,0.48000,-6.06300,0.59400,0,-9999.00000,-9999.00000,-9999.00000,27132474,5.96000,2.22000
28.47500,77.22500,Delhi,1,0.01050,11570.00000,0.09020,74249.00000,0.09040,90050.00000,0.11010,131013.00000,-8.88500,0.52700,-8.69300,0.66400,-8.78700,0.85800,-8.45500,0.66900,-8.77500,0.50500,-8.54200,0.49900,-8.89900,0.28400,-8.78300,0.82000,-9.98600,0.46600,-9.82900,0.49900,-9.87400,0.33300,-9.77400,0.59200,-9.02200,0.68400,-9.50200,0.54900,-9.25900,0.76400,-9.26000,0.52200,-9.20400,0.44200,-8.66400,0.57900,-8.93500,0.66400,-7.99000,0.38100,-7.38300,0.53700,-7.56700,0.52800,-6.83700,0.79300,-6.99300,0.48900,-7.13500,0.58900,-6.90300,0.48200,-7.19200,0.53800,-6.82200,0.50500,-6.46300,0.71800,-6.68800,0.35900,-6.33600,0.62200,-6.47500,0.44700,-6.29600,0.58900,0,-9999.00000,-9999.00000,-9999.00000,27132474,6.20000,2.13000
28.47500,77.27500,Delhi,2,0.04060,33543.00000,0.13480,61282.00000,0.13480,80728.00000,0.30320,178515.00000,-8.88400,0.50500,-8.65700,0.60600,-8.76800,0.83000,-8.47800,0.61800,-8.82300,0.47500,-8.47300,0.46300,-8.86900,0.25000,-8.73000,0.77700,-10.03600,0.45500,-9.90800,0.47700,-9.95100,0.36500,-9.86000,0.61600,-9.08600,0.69400,-9.62700,0.57100,-9.34600,0.71900,-9.32000,0.55500,-9.28800,0.44500,-8.74300,0.56300,-9.00500,0.63500,-7.90400,0.39300,-7.41800,0.52400,-7.59700,0.52300,-6.97700,0.84100,-7.06000,0.50400,-7.22800,0.58700,-6.89900,0.51200,-7.21400,0.47200,-6.95700,0.53300,-6.45900,0.73500,-6.78000,0.38400,-6.41800,0.73200,-6.59000,0.52600,-6.38500,0.61000,0,-9999.00000,-9999.00000,-9999.00000,27132474,5.97000,2.10000
28.47500,77.32500,Delhi,3,0.22620,145580.00000,0.56050,225308.00000,0.56050,299779.00000,0.74630,417194.00000,-8.94800,0.50100,-8.71900,0.60800,-8.83100,0.83000,-8.54000,0.61600,-8.88800,0.47400,-8.53100,0.46400,-8.93200,0.26200,-8.79300,0.76300,-10.18600,0.44600,-10.10800,0.48400,-10.15200,0.41300,-10.08800,0.64400,-9.29700,0.68300,-9.91200,0.62200,-9.54300,0.69400,-9.49400,0.58200,-9.46000,0.46400,-8.92100,0.54500,-9.17400,0.64500,-8.13100,0.37500,-7.57600,0.49000,-7.82900,0.54700,-7.10900,0.89000,-7.14000,0.50800,-7.28800,0.66400,-7.04400,0.50700,-7.34200,0.45900,-6.95900,0.58400,-6.50300,0.80400,-6.67900,0.50900,-6.41400,0.78900,-6.60700,0.52000,-6.40600,0.73800,0,-9999.00000,-9999.00000,-9999.00000,27132474,3.97000,1.61000
28.47500,77.37500,Delhi,3,0.02540,13721.00000,0.14020,44944.00000,0.14020,61702.00000,0.25650,109752.00000,-9.04400,0.49500,-8.80500,0.58900,-8.90700,0.79600,-8.67900,0.58800,-9.01200,0.43800,-8.58100,0.45600,-9.02700,0.28700,-8.83000,0.68600,-10.52600,0.42600,-10.47700,0.46800,-10.54500,0.44100,-10.53400,0.64800,-9.72300,0.62400,-10.38200,0.65300,-9.94800,0.64500,-9.90100,0.57500,-9.84400,0.47400,-9.32100,0.51300,-9.57300,0.63800,-8.49200,0.37100,-7.90100,0.48900,-8.19800,0.63100,-7.46200,0.92000,-7.38300,0.48200,-7.52500,0.73500,-7.33700,0.54100,-7.63900,0.47800,-7.15900,0.64800,-6.75800,0.74500,-6.84200,0.53900,-6.60000,0.80100,-6.83000,0.53800,-6.61400,0.73700,0,-9999.00000,-9999.00000,-9999.00000,27132474,5.42000,2.02000
28.47500,77.42500,Delhi,2,0.00740,3336.00000,0.06340,14377.00000,0.06340,20576.00000,0.17670,36080.00000,-9.09800,0.49500,-8.85800,0.59100,-8.95300,0.78600,-8.73700,0.58400,-9.06200,0.43400,-8.62600,0.45700,-9.07700,0.30100,-8.87500,0.66800,-10.86700,0.40800,-10.83200,0.44300,-10.92500,0.46500,-10.95200,0.64600,-10.16100,0.54300,-10.81000,0.65900,-10.32500,0.59800,-10.30300,0.57000,-10.23000,0.47300,-9.69700,0.46400,-9.97500,0.64000,-8.71400,0.37900,-8.17600,0.47300,-8.36200,0.76500,-7.64500,0.97700,-7.59800,0.50400,-7.71000,0.72900,-7.52500,0.50300,-7.88300,0.50900,-7.32500,0.59100,-6.96600,0.68000,-7.01100,0.51300,-6.66600,0.74600,-6.83300,0.60200,-6.74900,0.62700,0,-9999.00000,-9999.00000,-9999.00000,27132474,5.62000,2.33000
28.47500,77.47500,Delhi,2,0.00630,1982.00000,0.09620,9892.00000,0.09620,15145.00000,0.28620,32034.00000,-9.19400,0.50000,-8.94000,0.59100,-9.00000,0.74000,-8.85500,0.56200,-9.14000,0.40000,-8.68100,0.44600,-9.14300,0.33600,-8.90900,0.61300,-11.14000,0.39200,-11.10300,0.42900,-11.22200,0.49000,-11.28100,0.62300,-10.51300,0.46400,-11.13600,0.62600,-10.63300,0.54800,-10.64300,0.55000,-10.55600,0.48700,-10.01600,0.42700,-10.30200,0.62800,-8.78100,0.42300,-8.30900,0.46700,-8.40700,0.81000,-7.68800,1.02600,-7.72700,0.54200,-7.78600,0.72400,-7.64500,0.49700,-8.11900,0.52500,-7.41600,0.56800,-7.13200,0.57600,-7.12900,0.54500,-6.69600,0.79900,-6.89700,0.60400,-6.91000,0.59200,0,-9999.00000,-9999.00000,-9999.00000,27132474,5.84000,2.29000
28.42500,76.97500,Delhi,2,0.00340,588.00000,0.02060,7031.00000,0.09910,30885.00000,0.15320,76427.00000,-9.66600,0.57100,-9.38500,0.85200,-9.47600,0.94100,-9.02300,0.81800,-9.26500,0.61600,-9.44900,0.57900,-9.75800,0.44300,-9.63600,0.82300,-11.54300,0.50200,-11.45000,0.49400,-11.35700,0.52700,-11.56400,0.66500,-10.95300,0.51600,-11.20300,0.48900,-10.94700,0.66800,-10.93800,0.53400,-10.69600,0.42000,-10.19100,0.65700,-10.60400,0.82200,-8.97200,0.61900,-8.33300,0.57100,-8.66500,0.79700,-7.71900,0.80500,-7.91100,0.61700,-7.75100,0.77200,-7.54700,0.59300,-7.80000,0.62100,-7.40800,0.73100,-6.97900,0.69300,-7.14200,0.42800,-6.71900,0.68400,-6.68100,0.55800,-6.67600,0.66500,0,-9999.00000,-9999.00000,-9999.00000,27145040,3.71000,1.57000
28.42500,77.02500,Delhi,3,0.02370,3900.00000,0.11370,34917.00000,0.42800,95622.00000,0.50070,198869.00000,-9.53700,0.55000,-9.26300,0.82900,-9.37000,0.91000,-8.93500,0.78900,-9.18700,0.60600,-9.30600,0.57200,-9.60300,0.41800,-9.50300,0.82300,-11.25500,0.50000,-11.11300,0.48700,-11.05300,0.44700,-11.19500,0.62600,-10.55000,0.50300,-10.79500,0.47700,-10.56800,0.71400,-10.57200,0.50300,-10.37100,0.40800,-9.83900,0.62600,-10.24400,0.81100,-8.75800,0.58200,-8.13300,0.53000,-8.41800,0.71500,-7.44900,0.78500,-7.61400,0.58500,-7.53100,0.74800,-7.30800,0.56000,-7.56100,0.60500,-7.12800,0.71500,-6.73500,0.70500,-6.84700,0.39100,-6.43100,0.67200,-6.32900,0.50500,-6.37700,0.67400,0,-9999.00000,-9999.00000,-9999.00000,27145040,3.19000,1.49000
28.42500,77.07500,Delhi,3,0.00660,4274.00000,0.03990,12450.00000,0.29610,57745.00000,0.41940,162276.00000,-9.29100,0.53500,-9.05400,0.77500,-9.16100,0.88600,-8.76600,0.74600,-9.04200,0.56700,-9.01700,0.54400,-9.33600,0.38000,-9.23800,0.81400,-10.94800,0.49100,-10.78500,0.47400,-10.76000,0.36500,-10.82700,0.59400,-10.16900,0.49700,-10.42200,0.48200,-10.23300,0.73700,-10.24800,0.47100,-10.09200,0.40400,-9.55400,0.59200,-9.94300,0.77400,-8.58600,0.50200,-7.93600,0.50700,-8.20200,0.63200,-7.18600,0.80700,-7.39500,0.57000,-7.33300,0.74900,-7.15800,0.57000,-7.41400,0.60000,-6.95400,0.68700,-6.58800,0.72100,-6.70000,0.38400,-6.28900,0.65100,-6.19800,0.47900,-6.24900,0.66100,0,-9999.00000,-9999.00000,-9999.00000,27145040,3.23000,1.50000
28.42500,77.12500,Delhi,2,0.00060,415.00000,0.00500,5403.00000,0.06720,16705.00000,0.11450,50230.00000,-9.23800,0.52500,-9.01300,0.75900,-9.12500,0.87900,-8.74100,0.73100,-9.02600,0.55100,-8.95000,0.53300,-9.27700,0.37600,-9.18400,0.80400,-10.63600,0.47400,-10.47800,0.46200,-10.47400,0.32500,-10.47600,0.58500,-9.78200,0.51800,-10.09700,0.49700,-9.92700,0.71800,-9.95500,0.47200,-9.83600,0.42300,-9.29800,0.56700,-9.66100,0.72600,-8.39800,0.39100,-7.84000,0.48900,-8.08500,0.55300,-7.12900,0.78600,-7.31200,0.50600,-7.31800,0.74100,-7.15900,0.52900,-7.43000,0.55600,-6.95700,0.59700,-6.63700,0.71100,-6.73700,0.39900,-6.35400,0.57600,-6.34100,0.49700,-6.32000,0.64900,0,-9999.00000,-9999.00000,-9999.00000,27145040,4.25000,1.77000
28.42500,77.17500,Delhi,1,0.00260,7667.00000,0.01990,14313.00000,0.02110,16242.00000,0.03390,35566.00000,-9.08900,0.51400,-8.88700,0.69300,-8.99200,0.86900,-8.64200,0.68000,-8.96500,0.51200,-8.75000,0.50000,-9.10400,0.32900,-9.00800,0.79300,-10.45700,0.46200,-10.33900,0.46600,-10.35400,0.31800,-10.30800,0.58100,-9.62600,0.54300,-9.98000,0.51600,-9.81700,0.67400,-9.82400,0.47300,-9.75000,0.41300,-9.24200,0.53900,-9.56100,0.68500,-8.39600,0.33800,-7.89100,0.47900,-8.12300,0.51400,-7.42100,0.72400,-7.47400,0.48300,-7.63100,0.63400,-7.41800,0.50400,-7.72100,0.48400,-7.23200,0.53100,-6.99300,0.67900,-7.13800,0.41100,-6.75600,0.55900,-6.87100,0.43600,-6.68900,0.66400,0,-9999.00000,-9999.00000,-9999.00000,27145040,5.80000,2.12000
28.42500,77.22500,Delhi,1,0.01400,2906.00000,0.04390,9575.00000,0.04390,12931.00000,0.07010,24860.00000,-9.10000,0.50900,-8.90000,0.68400,-9.00700,0.86900,-8.66000,0.67100,-8.99300,0.50500,-8.75100,0.49400,-9.11000,0.32800,-9.01700,0.78600,-10.40100,0.43000,-10.31800,0.44100,-10.34300,0.31900,-10.28700,0.58400,-9.61800,0.56200,-10.02200,0.54100,-9.82200,0.63700,-9.80500,0.49700,-9.75300,0.41500,-9.28900,0.51200,-9.58500,0.66400,-8.41900,0.33200,-7.92000,0.45800,-8.17400,0.51300,-7.62900,0.75900,-7.61200,0.46700,-7.86000,0.53300,-7.57000,0.49400,-7.88500,0.41700,-7.44600,0.49700,-7.15600,0.66000,-7.36000,0.42000,-7.01200,0.61500,-7.16500,0.48100,-6.95600,0.62100,0,-9999.00000,-9999.00000,-9999.00000,27145040,7.02000,2.40000
28.42500,77.27500,Delhi,2,0.03070,19658.00000,0.17360,62101.00000,0.17360,85018.00000,0.35510,195592.00000,-9.04400,0.49600,-8.81600,0.61900,-8.93100,0.83800,-8.62500,0.62200,-8.97800,0.48200,-8.62900,0.46800,-9.03000,0.27900,-8.90400,0.75500,-10.41600,0.40700,-10.34000,0.43200,-10.37800,0.34500,-10.32200,0.60200,-9.63900,0.59100,-10.13900,0.57700,-9.85800,0.62200,-9.81600,0.52700,-9.78200,0.40600,-9.31100,0.50000,-9.61400,0.64700,-8.42700,0.33900,-7.91500,0.45700,-8.19400,0.51200,-7.65400,0.78800,-7.62500,0.46700,-7.88000,0.54800,-7.59500,0.50400,-7.91300,0.41700,-7.52100,0.50900,-7.17700,0.66800,-7.37900,0.42400,-7.06600,0.69200,-7.18700,0.50200,-7.02500,0.65000,0,-9999.00000,-9999.00000,-9999.00000,27145040,5.26000,1.84000
28.42500,77.32500,Delhi,3,0.28520,186343.00000,0.64080,257629.00000,0.64080,352701.00000,0.69580,396868.00000,-9.09200,0.49400,-8.86600,0.62000,-8.98200,0.84000,-8.67200,0.61800,-9.03000,0.48600,-8.67500,0.46800,-9.08100,0.28700,-8.95900,0.74500,-10.58300,0.37900,-10.53200,0.42100,-10.59100,0.38800,-10.57500,0.61600,-9.85900,0.56600,-10.45900,0.62800,-10.10100,0.59100,-10.03600,0.52200,-9.98400,0.41100,-9.53700,0.47700,-9.83200,0.64100,-8.51900,0.35500,-7.99000,0.46900,-8.33000,0.56300,-7.74100,0.82000,-7.67600,0.47900,-7.94400,0.60800,-7.69600,0.50300,-8.00000,0.44200,-7.61000,0.54600,-7.21700,0.69400,-7.40700,0.43900,-7.17000,0.72300,-7.26100,0.50100,-7.07400,0.67500,0,-9999.00000,-9999.00000,-9999.00000,27145040,3.65000,1.46000
28.42500,77.37500,Delhi,2,0.01130,8192.00000,0.11210,42335.00000,0.11210,57957.00000,0.13570,71020.00000,-9.18500,0.48700,-8.96200,0.59800,-9.05700,0.80100,-8.81300,0.58600,-9.15200,0.45500,-8.72100,0.46700,-9.18100,0.31700,-8.99700,0.66500,-10.86900,0.37000,-10.83000,0.42300,-10.90100,0.43400,-10.94700,0.61300,-10.23600,0.51700,-10.87500,0.64500,-10.42100,0.55300,-10.38400,0.50700,-10.32000,0.42800,-9.87500,0.43400,-10.19200,0.63100,-8.79600,0.35000,-8.23000,0.46100,-8.58300,0.65300,-7.98900,0.85900,-7.88400,0.50900,-8.16200,0.69000,-7.95900,0.54800,-8.31900,0.47000,-7.92400,0.54300,-7.49600,0.63800,-7.66700,0.46300,-7.50600,0.70100,-7.53600,0.49300,-7.35900,0.63200,0,-9999.00000,-9999.00000,-9999.00000,27145040,4.46000,1.99000
28.42500,77.42500,Delhi,3,0.01440,13183.00000,0.09010,39499.00000,0.09010,54084.00000,0.12760,69002.00000,-9.24600,0.48400,-9.03100,0.60200,-9.12200,0.80300,-8.87100,0.58400,-9.21300,0.46200,-8.78200,0.47200,-9.24800,0.33100,-9.07000,0.65600,-11.12900,0.35100,-11.07700,0.40500,-11.16800,0.46000,-11.26300,0.59500,-10.54600,0.48100,-11.19200,0.63600,-10.70600,0.51700,-10.69300,0.50100,-10.60600,0.43900,-10.14900,0.39700,-10.47500,0.62800,-9.12900,0.39100,-8.54000,0.48600,-8.93800,0.70900,-8.31800,0.91700,-8.15500,0.53900,-8.47600,0.79700,-8.31100,0.57100,-8.67800,0.50600,-8.31200,0.60100,-7.78100,0.63900,-7.94800,0.51600,-7.73700,0.77100,-7.79700,0.55700,-7.64400,0.60200,0,-9999.00000,-9999.00000,-9999.00000,27145040,5.21000,2.20000
28.42500,77.47500,Delhi,3,0.01190,8454.00000,0.11960,36054.00000,0.11960,50793.00000,0.22130,73078.00000,-9.38800,0.49300,-9.17600,0.60400,-9.21000,0.74900,-9.03600,0.56400,-9.32700,0.43300,-8.87400,0.46800,-9.35900,0.37400,-9.14400,0.59200,-11.38100,0.33000,-11.29900,0.41100,-11.41000,0.47100,-11.55600,0.59600,-10.83600,0.45200,-11.49600,0.60500,-10.98100,0.49100,-10.99000,0.49500,-10.89100,0.45800,-10.44100,0.39200,-10.79300,0.62000,-9.34200,0.35300,-8.77700,0.47600,-9.21500,0.82800,-8.52700,0.98000,-8.39600,0.62100,-8.66900,0.84900,-8.51900,0.56700,-8.95500,0.55400,-8.49400,0.59500,-7.95900,0.59400,-8.08400,0.56600,-7.78600,0.81800,-7.91400,0.61000,-7.86400,0.62100,0,-9999.00000,-9999.00000,-9999.00000,27145040,5.28000,2.32000
